"timebin","purpose","freq_stop","freq_trip"
1,"atwork",0,0
10,"atwork",1247.614344355,5622.4134856321
11,"atwork",34.241331915,4155.005443571
12,"atwork",230.202834325,8875.929611472
13,"atwork",127.248964179,6629.093467527
14,"atwork",1843.111088938,12595.922089507
15,"atwork",2248.678292351,10871.16705739
16,"atwork",2379.80698770102,13824.1228247397
17,"atwork",4023.95521508112,29162.1276327241
18,"atwork",4534.76846364612,67297.7060165427
19,"atwork",5905.13567600912,92127.0283759147
2,"atwork",0,0
20,"atwork",9751.301791354,71261.1818445632
21,"atwork",5769.6868306036,54085.5220616179
22,"atwork",10993.6211521693,48086.6845628989
23,"atwork",4952.82855184896,21506.1617802368
24,"atwork",3148.89110256252,15224.0958198199
25,"atwork",435.955071816,11196.352883316
26,"atwork",2141.1109154432,8157.9467755762
27,"atwork",2385.1635604306,14300.6940321722
28,"atwork",2499.8320988622,12685.2713762202
29,"atwork",2389.685159184,6472.491609245
3,"atwork",0,0
30,"atwork",121.26634716,2154.994435611
31,"atwork",754.35502639,2847.676978735
32,"atwork",169.383584576,1145.800853949
33,"atwork",378.396896876,876.888559891
34,"atwork",0,1062.14183376
35,"atwork",0,365.74265684
36,"atwork",71.4641302,381.647465515
37,"atwork",699.0461888,2814.318454125
38,"atwork",0,322.6927646922
39,"atwork",0,0
4,"atwork",0,0
40,"atwork",0,112.7202702
41,"atwork",0,112.7202702
42,"atwork",112.7202702,112.7202702
43,"atwork",0,0
44,"atwork",0,0
45,"atwork",0,0
46,"atwork",0,0
47,"atwork",0,0
48,"atwork",0,0
49,"atwork",0,0
5,"atwork",0,51.912734475
6,"atwork",31.451499765,0
7,"atwork",0,915.37298429
8,"atwork",748.82419321,2503.453511278
9,"atwork",1439.68244322,2734.958738231
1,"esco",0,36.892601655
10,"esco",13686.5488604128,113741.664396733
11,"esco",11470.1695476937,89580.5683747264
12,"esco",13244.327021051,75533.5994212984
13,"esco",7479.83161527338,36480.5771062024
14,"esco",7036.17005767104,23060.9557407625
15,"esco",2448.2857412125,10842.9012728185
16,"esco",3787.44393318004,13680.4585521182
17,"esco",6349.9067142205,17923.1909834337
18,"esco",8088.20564996804,27443.0012094862
19,"esco",9507.6230275359,26629.6040726549
2,"esco",0,59.005050825
20,"esco",11063.2778524822,22023.3542507562
21,"esco",6657.60013599396,14608.3649046352
22,"esco",6381.70757028956,21601.3640856926
23,"esco",13822.9687081332,46718.4085575562
24,"esco",24398.0040530164,88876.4399689837
25,"esco",28766.7826034119,129627.297672332
26,"esco",37789.518705925,120177.605702971
27,"esco",15930.2335554082,73628.3401765382
28,"esco",16617.6432798448,67863.2916420932
29,"esco",17589.7676901647,61463.9486474939
3,"esco",0,750.244222699
30,"esco",9990.15371126364,58781.4773538837
31,"esco",14449.4525277568,39932.4295904555
32,"esco",14377.5844966558,42943.5269172438
33,"esco",5224.644352735,31947.846002264
34,"esco",9718.6069371229,30355.1256620329
35,"esco",9606.3461061125,24673.8338953205
36,"esco",9876.432041736,20449.9579524667
37,"esco",2360.916284872,12882.855414787
38,"esco",1506.507668717,7492.251076108
39,"esco",3738.993655263,7315.89042038
4,"esco",53.864753985,641.713800709
40,"esco",216.8541089705,2126.2428553025
41,"esco",192.633672566,3144.872486547
42,"esco",887.2561872,1929.503055449
43,"esco",1539.650655728,2875.238633528
44,"esco",437.506200316,727.56461954
45,"esco",0,290.058419224
46,"esco",82.44574073,82.44574073
47,"esco",0,10.4339702
48,"esco",376.517674696,376.517674696
49,"esco",0,0
5,"esco",112.286580735,2159.16040056
6,"esco",224.57316147,4787.745093851
7,"esco",244.944237121,9836.675450915
8,"esco",2263.225766297,32863.806821401
9,"esco",5555.438319111,71869.0837066294
1,"idisc",0,149.587078095
10,"idisc",12316.3505949088,50237.5806847878
11,"idisc",11711.0594309668,58435.7726306721
12,"idisc",16119.1372615112,62921.16578284
13,"idisc",19097.1447850289,76226.6212247482
14,"idisc",16536.2723259142,59104.7573241419
15,"idisc",18880.2593897408,66440.8244310584
16,"idisc",18895.8320187383,59478.6413158516
17,"idisc",29988.5192790998,83601.1318327239
18,"idisc",34715.475146182,89443.2565932133
19,"idisc",34234.8484210879,78873.1206253597
2,"idisc",14.803239675,14.803239675
20,"idisc",25903.63453382,69247.7035519622
21,"idisc",26961.0470817716,62720.2384706573
22,"idisc",26072.6814134402,66170.6061951047
23,"idisc",29036.9347545619,75676.8259867903
24,"idisc",34183.2441031428,85569.8324708841
25,"idisc",42474.1826575946,103479.050098385
26,"idisc",37197.2881191302,95601.1657285828
27,"idisc",36797.7835214812,111121.375212644
28,"idisc",36276.7040381733,100453.960000376
29,"idisc",38375.2209032402,120208.014656809
3,"idisc",0,989.530724331
30,"idisc",35600.9489922875,156656.640506601
31,"idisc",47976.0827615761,158931.138620425
32,"idisc",38721.6905006701,145566.454705468
33,"idisc",27213.1466883545,120449.50467648
34,"idisc",31054.2688629303,126775.838148992
35,"idisc",30168.9763994702,125786.303469725
36,"idisc",27508.238628793,97133.0128014073
37,"idisc",18038.2269506273,72315.178445343
38,"idisc",10095.727361223,39035.038663518
39,"idisc",5673.32397669492,30626.8252448389
4,"idisc",120.6932498,1206.106396352
40,"idisc",4947.531817504,21267.865674482
41,"idisc",3605.5284759868,17511.1156635099
42,"idisc",4121.06176022892,9518.46509010992
43,"idisc",4425.47685907396,10879.320421159
44,"idisc",3105.295343462,3421.040918182
45,"idisc",597.356508042,4257.733494155
46,"idisc",2740.80814217742,5752.21779368542
47,"idisc",2031.5950233,3268.092296815
48,"idisc",2127.97342314,2171.99481884
49,"idisc",0,0
5,"idisc",74.935475035,5969.217917318
6,"idisc",1350.112298272,8231.073988298
7,"idisc",816.328999851,10714.582208409
8,"idisc",1830.269772919,19279.219843792
9,"idisc",4917.99974521768,38436.6584755429
1,"imain",0,173.1717063
10,"imain",11444.458309968,40017.200770965
11,"imain",17963.1685341204,85407.9778075584
12,"imain",24313.1733508406,96233.5584363143
13,"imain",45245.9874737431,137352.48172377
14,"imain",38744.2506187518,127789.775423157
15,"imain",49540.3391932543,161705.261565406
16,"imain",58682.1354874801,160310.876707962
17,"imain",53036.0338912738,168258.365896769
18,"imain",69067.1309256035,177804.835571577
19,"imain",62435.8278340534,167507.392534203
2,"imain",0,0
20,"imain",66044.0147563259,154388.423058454
21,"imain",67169.1061961722,176595.477777277
22,"imain",63113.6900748456,161042.290437846
23,"imain",66557.3193631277,157126.801831425
24,"imain",57188.2072882082,144939.83467847
25,"imain",63015.7273397239,160895.113998113
26,"imain",66181.7972111237,137665.883088122
27,"imain",51202.4713088538,137985.962849509
28,"imain",54136.1579984939,131448.845618401
29,"imain",33655.4149876239,113523.154803275
3,"imain",0,600.360036405
30,"imain",36698.9037119432,94909.888398555
31,"imain",32253.8439017632,89942.499756226
32,"imain",26354.651488149,78835.0067871309
33,"imain",23703.3620126709,75669.7326887329
34,"imain",27385.9553037728,66588.4020691398
35,"imain",15895.343674159,40050.641061968
36,"imain",12281.913955908,34839.382373809
37,"imain",4927.154513032,22184.25632717
38,"imain",3855.964746332,9164.201252334
39,"imain",2123.421486521,8527.100565369
4,"imain",0,1197.144069713
40,"imain",693.244088082,4068.178857123
41,"imain",1543.887686853,3400.403492613
42,"imain",760.462111135,2144.137844345
43,"imain",546.56448113,1077.486970678
44,"imain",294.85912729,675.334297788
45,"imain",966.7301697572,1263.3158152322
46,"imain",271.487369358,338.859480318
47,"imain",216.74985431,506.66350551
48,"imain",41.22391336,41.22391336
49,"imain",0,0
5,"imain",37.6229409,2415.47576213
6,"imain",845.614632407,4760.63510639
7,"imain",714.751518029,14727.583284032
8,"imain",3293.249914656,20873.593447694
9,"imain",4924.967701585,34389.227989708
1,"jdisc",0,0
10,"jdisc",0,1916.447857596
11,"jdisc",0,3059.497389975
12,"jdisc",253.288200106,5510.242789677
13,"jdisc",802.04588587,8727.890866653
14,"jdisc",1357.997087885,8038.000722624
15,"jdisc",3051.035157536,12127.669875033
16,"jdisc",2507.751673677,6662.311573438
17,"jdisc",2257.015370817,7896.855519025
18,"jdisc",2684.160471995,11460.348041467
19,"jdisc",2614.139318029,7354.8626795101
2,"jdisc",0,0
20,"jdisc",3111.690551896,8673.925433933
21,"jdisc",1758.63075887,8552.39923926748
22,"jdisc",2811.24331392792,7166.20724230292
23,"jdisc",2988.73318608696,6912.29666765306
24,"jdisc",2714.387587211,6901.38780992926
25,"jdisc",1877.9107102071,10108.2664883314
26,"jdisc",2700.2744290113,6943.9183380973
27,"jdisc",2079.994139969,10778.3981317043
28,"jdisc",2631.11046541532,12095.0404072123
29,"jdisc",1320.80843933832,18682.5807354023
3,"jdisc",0,0
30,"jdisc",2250.529716362,24947.5479495275
31,"jdisc",5080.903334463,32887.6399891
32,"jdisc",8627.494688843,35496.147081501
33,"jdisc",4720.11547130548,27138.5456870155
34,"jdisc",2822.504755841,19930.340955734
35,"jdisc",3089.577704321,23469.9920680343
36,"jdisc",1723.118876976,18821.55340291
37,"jdisc",3172.34739310832,13396.7975164483
38,"jdisc",471.238813345,10257.844069427
39,"jdisc",719.87060653,5649.510741527
4,"jdisc",0,148.9110204
40,"jdisc",90.86255703,415.841330187
41,"jdisc",626.692651034,894.330350149
42,"jdisc",0,202.996880028
43,"jdisc",0,0
44,"jdisc",0,0
45,"jdisc",0,0
46,"jdisc",0,0
47,"jdisc",0,0
48,"jdisc",0,0
49,"jdisc",0,0
5,"jdisc",0,1151.780686626
6,"jdisc",0,488.120233886
7,"jdisc",175.923701517,561.789974918
8,"jdisc",0,1566.673518104
9,"jdisc",366.195851076,1074.567285018
1,"jmain",0,0
10,"jmain",0,2102.500931036
11,"jmain",828.795835244,4079.166527949
12,"jmain",323.79130828,5070.28621714368
13,"jmain",1662.370493944,10915.49769125
14,"jmain",4206.60865911,16006.918645022
15,"jmain",3239.086520064,19695.0323090324
16,"jmain",4593.71388748,18536.8042558417
17,"jmain",6480.90256695168,19270.2138624791
18,"jmain",7219.65832252278,21012.128474207
19,"jmain",9004.37055490436,22926.3484831824
2,"jmain",0,0
20,"jmain",7430.74350405,19738.780845982
21,"jmain",7480.16301235784,21721.0244187618
22,"jmain",11802.6992628154,28669.7299993752
23,"jmain",10691.3959017137,20907.77567334
24,"jmain",15999.2007094145,27558.8769093285
25,"jmain",9938.39418285352,25639.5565305735
26,"jmain",6748.533912038,16620.5756051362
27,"jmain",3387.11055049,15689.256551889
28,"jmain",3716.541464236,13682.246673477
29,"jmain",3122.701856685,17038.490035706
3,"jmain",0,0
30,"jmain",4586.264489192,15781.374716573
31,"jmain",4689.141301169,13503.460957997
32,"jmain",5027.349045523,13924.588108779
33,"jmain",2469.332337603,12484.337863732
34,"jmain",3360.42274259,10188.86997644
35,"jmain",2433.777068833,9434.450884433
36,"jmain",1756.629513128,3202.412882958
37,"jmain",1383.02548242,3406.704163693
38,"jmain",250.738927062,2163.548596222
39,"jmain",541.091042941,1234.217653149
4,"jmain",0,0
40,"jmain",1012.830125002,1161.779803467
41,"jmain",95.424874965,95.424874965
42,"jmain",110.4046472,163.9294507
43,"jmain",0,0
44,"jmain",0,0
45,"jmain",0,0
46,"jmain",0,0
47,"jmain",0,0
48,"jmain",0,0
49,"jmain",0,0
5,"jmain",0,316.703264
6,"jmain",207.7731817,333.565318894
7,"jmain",26.492613936,108.414927781
8,"jmain",0,203.607317793
9,"jmain",0,1340.809372444
1,"sch",0,0
10,"sch",27854.101489444,209673.106846404
11,"sch",14893.554539976,153369.176592484
12,"sch",11171.493799724,91638.503320884
13,"sch",4796.8542322,15876.2788988
14,"sch",1494.528351924,6663.783887292
15,"sch",1373.674617736,4165.184613972
16,"sch",2956.911153092,5358.787374652
17,"sch",3381.871969776,9962.646003024
18,"sch",4569.709591852,17377.790902292
19,"sch",3778.948249228,15495.426370532
2,"sch",0,0
20,"sch",1927.20778868,7459.020590056
21,"sch",2393.195847868,6214.003833644
22,"sch",4281.109863052,12645.230582748
23,"sch",7516.985280752,65096.419296425
24,"sch",15981.334218709,132561.677241197
25,"sch",28384.730725964,180248.109553148
26,"sch",50398.713825468,207637.586411356
27,"sch",29347.177072424,127432.674310268
28,"sch",41318.6967840232,84569.4040484051
29,"sch",34402.2104714392,81639.0302661592
3,"sch",0,86.2536482
30,"sch",37107.867276904,74648.178476168
31,"sch",31677.269799424,50069.0860953973
32,"sch",27390.489627728,35647.264338536
33,"sch",19671.0891998,22072.85912752
34,"sch",14045.757922848,17296.741115084
35,"sch",16076.649694728,17969.302717216
36,"sch",5789.73494262,7820.442681496
37,"sch",5332.41651812,7026.151199144
38,"sch",1980.63668814,2460.326638192
39,"sch",1100.961146992,1386.724023276
4,"sch",0,0
40,"sch",185.449446692,185.449446692
41,"sch",86.2536482,86.2536482
42,"sch",0,0
43,"sch",0,0
44,"sch",0,0
45,"sch",0,0
46,"sch",0,0
47,"sch",0,40.6612433
48,"sch",0,0
49,"sch",0,0
5,"sch",0,0
6,"sch",0,1874.6960448
7,"sch",558.745186716,21444.6200633
8,"sch",4970.1506912,129907.692852485
9,"sch",20554.011443189,227872.637158702
1,"univ",0,0
10,"univ",3375.084397216,22057.086605191
11,"univ",6667.1782159,29342.614186133
12,"univ",3149.623161051,27748.720329258
13,"univ",1806.000969464,22122.495170221
14,"univ",2709.512461396,20584.293415416
15,"univ",2318.033544862,15195.540898289
16,"univ",3663.542298933,10432.676295064
17,"univ",5339.490267355,13151.194680287
18,"univ",2811.177760543,14575.46221191
19,"univ",7655.878024339,24844.449211328
2,"univ",0,139.831384935
20,"univ",4886.0872712,15516.274203921
21,"univ",8042.55849583,19779.36307801
22,"univ",4601.525334799,19063.003644752
23,"univ",10197.024422616,25575.2734593
24,"univ",8421.73685545,19698.149845516
25,"univ",8327.919321015,28650.0161690556
26,"univ",9581.8087851726,23683.6026602186
27,"univ",8680.26046163,24007.366357463
28,"univ",8179.084644268,19218.418725942
29,"univ",4630.2432078816,17134.3499889002
3,"univ",0,41.635068009
30,"univ",5865.0622810452,15939.4769824732
31,"univ",6047.4330524866,13997.8889407646
32,"univ",2355.479954326,7628.025878459
33,"univ",3767.596965987,11228.705247438
34,"univ",3607.513874428,10891.660309209
35,"univ",6018.609026286,11151.225190308
36,"univ",3971.195575076,6528.14904873
37,"univ",2660.870145236,10678.297906769
38,"univ",2177.435988908,7311.000726473
39,"univ",3069.117927639,6259.214359457
4,"univ",106.2412899,302.4567582
40,"univ",2820.75405634,3752.38815864
41,"univ",296.0001835,448.2724935
42,"univ",571.373317764,1015.226252364
43,"univ",538.5647987,538.5647987
44,"univ",447.7360694,447.7360694
45,"univ",0,0
46,"univ",0,0
47,"univ",0,0
48,"univ",0,0
49,"univ",0,0
5,"univ",0,1205.2693911
6,"univ",0,1623.477972483
7,"univ",98.206149,3200.741086005
8,"univ",882.316937848,12473.586928987
9,"univ",1263.171868652,21870.811195536
1,"work",0,2431.055702024
10,"work",75421.0110516181,279240.193367117
11,"work",51053.0915151641,200292.516079046
12,"work",35382.0018449757,133083.934467478
13,"work",25235.8793747266,80285.4831500431
14,"work",17807.6584979469,70423.7350672971
15,"work",12437.3464474206,43430.351623175
16,"work",10729.776282811,29022.7098251082
17,"work",6532.4204144224,28094.167035213
18,"work",12723.6071232341,34667.4955684772
19,"work",11683.6822537616,41611.5007956815
2,"work",157.960801532,4056.16329837
20,"work",11593.4447720197,51368.1300576997
21,"work",14211.6235457112,51947.1853615238
22,"work",13083.9434549631,49832.4643998305
23,"work",18059.0115769809,79849.9976714366
24,"work",26896.8508507958,91008.1886226317
25,"work",23810.6488596873,129366.926830554
26,"work",47495.3875968082,177566.511536578
27,"work",70752.6602663194,242873.506341601
28,"work",82392.9700693556,273723.499098243
29,"work",86173.7565964091,315207.615975774
3,"work",323.547292493,10909.540871798
30,"work",91233.2168736594,220204.300257073
31,"work",80941.6264789905,180593.658364317
32,"work",63600.9746479693,111672.473303629
33,"work",45242.2466400096,84399.5537394553
34,"work",38398.5355571041,63087.9901006664
35,"work",29778.6647043781,57840.8474927201
36,"work",22966.8044917306,37227.7660010746
37,"work",19040.737141497,49144.491643175
38,"work",15033.140387377,27220.464569011
39,"work",11871.109411543,33297.1354654372
4,"work",885.909807979,14537.007059777
40,"work",5071.431438333,21215.62881148
41,"work",5319.973119056,23063.227042835
42,"work",3230.744489586,20524.4692326466
43,"work",1553.85048772,11579.5833642822
44,"work",469.124831819,3903.037386534
45,"work",937.34303164,4127.545086212
46,"work",437.314625699,3756.956096366
47,"work",18.323738895,1260.337921824
48,"work",0,2622.990510601
49,"work",0,0
5,"work",1181.509992707,48392.40709088
6,"work",4481.732076749,77741.4465124322
7,"work",8396.86186796928,124133.072851799
8,"work",26379.8754586632,221828.185069342
9,"work",51357.5462207435,267456.258004787
1,"Total",0,2790.707088074
10,"Total",145345.169047923,724608.194945463
11,"Total",114621.25895098,627722.295032115
12,"Total",104187.038781864,506615.940376365
13,"Total",106253.363794429,394616.419299215
14,"Total",91736.109149537,344268.142315219
15,"Total",95536.7389041772,344473.933646175
16,"Total",108196.913723092,317307.388724775
17,"Total",117390.115688997,377319.893445679
18,"Total",146413.893455547,461082.024589172
19,"Total",146820.453358948,477369.733148366
2,"Total",172.764041207,4269.802973805
20,"Total",141711.402821828,419676.793837327
21,"Total",140443.611905178,416223.579145394
22,"Total",143142.221440302,414277.581150551
23,"Total",163823.201745821,499369.960924163
24,"Total",188931.85676851,612338.48336676
25,"Total",207032.251472273,779210.69022381
26,"Total",260234.43350012,794054.795846638
27,"Total",220562.854437006,757817.573963789
28,"Total",247768.740842672,715739.97759037
29,"Total",221659.809311966,751369.676718764
3,"Total",323.547292493,13377.564571442
30,"Total",223454.213399817,664023.879076465
31,"Total",223870.108184019,582705.479293418
32,"Total",186625.09803444,472859.287974696
33,"Total",132389.930565341,386267.973592528
34,"Total",130393.565956637,346177.110171058
35,"Total",113067.944378288,310742.339436565
36,"Total",85945.5321561676,226404.324610367
37,"Total",57614.7406177126,193849.051070654
38,"Total",35371.390581104,105427.368355977
39,"Total",28837.8892541239,94296.6184734341
4,"Total",1166.709101664,18033.339105151
40,"Total",15038.9576379535,54306.0952075735
41,"Total",11766.3943121608,48756.6203225189
42,"Total",9794.02278331392,35611.4480758425
43,"Total",8604.10728235196,26950.1941883472
44,"Total",4754.521572287,9174.713291444
45,"Total",2501.4297094392,9938.6528148232
46,"Total",3532.05587796442,9930.47911109942
47,"Total",2266.668616505,5086.188937649
48,"Total",2545.715011196,5212.726917497
49,"Total",0,0
5,"Total",1406.354989377,61661.927247089
6,"Total",7141.256850363,99840.7602710342
7,"Total",11032.2542741393,185642.852831449
8,"Total",40367.9127347932,441499.819310876
9,"Total",90379.0135927941,667045.011926598
