id,purpose,freq_dep,freq_arr,freq_dur
1,atwork,0,0,42793.55634
1,esc,36.89260166,0,81690.0741
1,idisc,149.5870781,0,25645.43982
1,imain,173.1717063,0,43072.93402
1,jdisc,0,0,2559.349338
1,jmain,0,0,1751.615366
1,sch,0,0,184.4270744
1,Total,3571.561231,0,203005.5415
1,univ,0,0,5237.068479
1,work,3211.909845,0,71.0769881
2,atwork,0,0,81956.24431
2,esc,59.00505083,0,234080.9034
2,idisc,0,0,72265.76878
2,imain,0,0,162607.6171
2,jdisc,0,0,11810.00824
2,jmain,0,0,22101.73711
2,sch,0,0,1485.667104
2,Total,5349.140053,0,594257.2114
2,univ,139.8313849,0,6491.412264
2,work,5150.303618,0,1457.853092
3,atwork,0,0,57056.35099
3,esc,691.2391719,59.00505083,108645.1154
3,idisc,854.7468859,0,80078.26472
3,imain,457.4257532,142.9342832,179575.5705
3,jdisc,0,0,20986.09796
3,jmain,0,0,22067.53748
3,sch,86.2536482,0,1892.519069
3,Total,16117.51111,201.939334,481930.6047
3,univ,41.63506801,0,7036.800251
3,work,13986.21059,0,4592.348351
4,atwork,0,0,27170.28243
4,esc,291.428028,0,47143.76586
4,idisc,1085.413147,0,106247.2205
4,imain,1098.806811,98.3372584,148266.9123
4,jdisc,161.8333301,0,27347.77969
4,jmain,0,0,27070.61363
4,sch,0,0,7124.808414
4,Total,20869.52115,98.3372584,404229.7113
4,univ,196.2154683,0,7556.038239
4,work,18035.82436,0,6302.290152
5,atwork,20.46123471,20.46123471,14267.98004
5,esc,1265.31321,238.5534824,27540.51409
5,idisc,5828.175485,186.1817967,125259.7475
5,imain,1998.08812,0,104331.6239
5,jdisc,1193.654265,0,23800.52436
5,jmain,203.5561257,0,16082.4857
5,sch,0,0,6184.005122
5,Total,74355.38826,445.1965138,330367.7823
5,univ,1205.269391,0,5985.013208
5,work,62640.87043,0,6915.888342
6,atwork,0,0,4415.577937
6,esc,3237.810694,748.2954189,13190.47732
6,idisc,5334.656645,629.784133,109987.8232
6,imain,3935.119276,256.1665209,87711.77127
6,jdisc,125.5559591,0,14539.2613
6,jmain,126.451142,0,11240.52318
6,sch,1874.696045,0,5105.892206
6,Total,115543.8444,1634.246073,271324.6713
6,univ,1600.391655,0,16183.06253
6,work,99309.16299,0,8950.282317
7,atwork,893.0285231,218.7560499,2183.405207
7,esc,7711.781708,2057.827927,9847.068578
7,idisc,8641.25113,1862.113184,74800.82665
7,imain,12247.66229,1362.325175,57922.92836
7,jdisc,353.1568677,323.6657678,12515.89476
7,jmain,83.11813551,0,9330.038813
7,sch,20885.87488,0,4208.016747
7,Total,205182.8493,5951.63421,196048.4839
7,univ,3102.534937,0,13401.38349
7,work,151264.4409,126.9461059,11838.92129
8,atwork,1717.947633,676.1338879,3713.274559
8,esc,20984.23582,5029.891229,4211.256713
8,idisc,13948.92549,3134.866493,59948.73935
8,imain,16515.13843,1245.577487,49043.84053
8,jdisc,512.2912969,948.5956751,8159.91049
8,jmain,241.2684127,0,10092.8444
8,sch,124936.193,0,8377.116096
8,Total,368556.2887,11163.42176,167512.4643
8,univ,12475.80484,0,9862.428668
8,work,177224.4838,128.3569853,14103.05349
9,atwork,1204.139941,846.1376227,1168.572095
9,esc,39073.7874,16277.74533,2520.464052
9,idisc,30272.74939,2038.807493,46566.39497
9,imain,27605.3442,1363.276365,37758.27814
9,jdisc,286.1032078,0,5400.208378
9,jmain,1170.065764,0,3891.000893
9,sch,207045.4095,69.2104672,4613.471114
9,Total,521230.7099,20810.9234,132145.3423
9,univ,20316.19772,0,9944.945939
9,work,194256.9128,215.7461153,20282.00666
10,atwork,3708.26181,1080.658189,786.1080231
10,esc,51221.97152,36735.93623,5016.051741
10,idisc,31115.53587,5215.118843,39463.39719
10,imain,26581.45971,1686.344978,30161.48669
10,jdisc,772.1076858,299.4449637,8379.344647
10,jmain,2661.517437,576.3693931,4053.41481
10,sch,181669.4281,149.5772138,5564.375608
10,Total,494959.0918,48856.8832,135005.0113
10,univ,15046.65839,2221.385399,9605.886361
10,work,182182.1513,892.047991,31974.94622
11,atwork,2604.856354,2284.533638,366.2870306
11,esc,38157.70834,47772.57928,5023.219746
11,idisc,40946.00751,6383.391191,32740.21355
11,imain,60263.84686,5481.119084,31347.0832
11,jdisc,2218.775124,179.4328031,1928.511683
11,jmain,2028.888713,441.0288712,3038.047094
11,sch,138393.734,282.6485333,3870.876426
11,Total,440862.1183,65490.86231,106647.0971
11,univ,21759.13603,2185.660587,6654.508022
11,work,134489.1654,480.4683211,21678.3503
12,atwork,5903.229097,4183.659865,411.8687929
12,esc,30541.4811,33170.80988,2500.34301
12,idisc,39578.02524,6321.138955,22285.13701
12,imain,57548.97805,6758.903895,23024.55105
12,jdisc,3795.353129,72.24651999,1101.494269
12,jmain,3983.653259,182.060069,1718.612717
12,sch,80022.74438,353.0078472,3660.035674
12,Total,325512.1341,57649.41433,88814.11646
12,univ,18614.23535,5060.465117,7237.915798
12,work,85524.43447,1547.122179,26874.15814
13,atwork,4322.354474,1885.598016,388.2757806
13,esc,10910.49412,24024.21451,1123.035176
13,idisc,47050.93595,8204.092566,14622.15066
13,imain,70732.13526,16991.63487,16506.2712
13,jdisc,4547.242717,1480.165797,1735.003245
13,jmain,7851.989135,1380.460067,1109.233108
13,sch,10251.93014,210.4882064,2280.454261
13,Total,140968.534,57151.47968,71804.68136
13,univ,19282.82701,1715.022825,7003.439649
13,work,51982.75275,1259.80282,27036.81828
14,atwork,5886.74396,2238.819498,256.4441017
14,esc,7869.36362,16882.78278,2012.099713
14,idisc,30424.4844,9917.633562,13761.18905
14,imain,53997.89949,22277.60927,8869.075296
14,jdisc,4202.882119,1130.584977,2060.677434
14,jmain,7879.060911,1232.209465,1554.175906
14,sch,3636.139835,1158.691863,10381.38497
14,Total,177140.6333,58432.82066,71866.65084
14,univ,12467.34867,2782.056805,5210.011516
14,work,50776.71029,812.432445,27761.59285
15,atwork,5845.672378,5154.89354,351.3229506
15,esc,5089.832408,2832.788623,675.7741836
15,idisc,27514.2917,12859.45594,13523.13285
15,imain,74392.05146,29151.27307,12710.69072
15,jdisc,5586.07364,1107.046671,1033.264937
15,jmain,9263.712143,3898.132932,225.3593147
15,sch,1534.54209,511.2944192,25722.01613
15,Total,162553.2768,61555.82084,84881.72168
15,univ,8137.850019,4495.57787,8374.432247
15,work,25189.251,1545.357775,22265.72834
16,atwork,8028.978166,3059.226534,741.0691083
16,esc,6644.946967,2172.439292,2061.635523
16,idisc,22599.13406,12090.85677,13290.97784
16,imain,48434.81587,41276.96864,8065.538111
16,jdisc,2008.118731,1867.058359,767.4787726
16,jmain,7430.459793,3183.53435,844.7924866
16,sch,1470.960607,1160.066567,127509.062
16,Total,113446.0053,68141.01135,191318.2579
16,univ,2850.389833,882.3929797,10024.65025
16,work,13978.20124,2448.467864,28013.05373
17,atwork,20928.72194,4762.566415,143.7375192
17,esc,6020.551824,3135.674577,2400.242307
17,idisc,26285.52102,21429.91046,6619.087006
17,imain,57436.82462,43292.6369,9881.663446
17,jdisc,3409.052508,2373.379333,18.0505115
17,jmain,5877.182726,5795.851964,509.6488501
17,sch,1225.224366,2165.274365,172344.944
17,Total,136229.1446,95669.87393,253911.4412
17,univ,3252.598363,4977.142364,11441.47559
17,work,11793.46719,7737.437549,50552.59197
18,atwork,41719.00702,12312.27718,224.4130032
18,esc,8872.430271,6757.4983,616.0896166
18,idisc,26251.48188,22616.08207,8973.287778
18,imain,41754.49737,49273.04755,12404.39228
18,jdisc,3344.482627,2012.424986,0
18,jmain,5665.424204,2699.908264,1034.446121
18,sch,2011.742454,4372.08216,100452.743
18,Total,146983.9982,108431.5924,196340.4473
18,univ,5111.422166,3272.686993,8494.489538
18,work,12253.5102,5115.584861,64140.58593
19,atwork,47487.75121,35316.30038,0
19,esc,9189.494163,9507.50382,3633.534824
19,idisc,23141.2879,22452.38047,6298.971235
19,imain,50788.13703,48204.41053,10509.94912
19,jdisc,2116.596877,3400.111138,389.2413353
19,jmain,5007.301658,7926.402968,129.809779
19,sch,1980.159568,9146.625963,53096.6296
19,Total,158575.0579,159073.7655,186458.2016
19,univ,5997.699937,7679.263994,2509.575094
19,work,12866.62951,15440.76629,109890.4906
20,atwork,19881.41647,40652.06436,550.6779508
20,esc,4703.570976,6400.909377,941.8615286
20,idisc,20592.12736,21662.71095,6167.58057
20,imain,35106.7417,47332.01802,11849.55171
20,jdisc,2854.622418,1335.038384,504.3706593
20,jmain,4363.809544,4357.867195,133.7547638
20,sch,2072.585894,4529.993224,54256.33375
20,Total,117190.1583,140490.6124,240133.1347
20,univ,4647.884375,3884.346608,3171.04287
20,work,22967.3996,10335.66425,162557.9609
21,atwork,18315.59187,33435.90318,0
21,esc,4333.717582,5018.359725,1994.955836
21,idisc,16704.53363,20327.57679,7679.826554
21,imain,58664.28025,47783.40931,6221.534085
21,jdisc,1197.995131,4338.29965,128.8344203
21,jmain,8947.928919,4899.567216,151.5406957
21,sch,102.7979443,2890.953096,41323.9216
21,Total,127954.0877,139009.4516,236047.3619
21,univ,5709.037336,5245.082891,4415.48852
21,work,13978.20507,15070.2997,174131.2602
22,atwork,13951.0087,23056.95068,75.68419414
22,esc,11071.86294,2920.503295,2914.28943
22,idisc,20438.76101,18849.94195,7685.527905
22,imain,35545.11799,48863.27402,7220.413681
22,jdisc,1049.17637,2328.875953,0
22,jmain,9092.930662,7239.350696,363.2553097
22,sch,1028.380355,5171.474683,38219.06922
22,Total,116323.0334,130850.5997,206719.1718
22,univ,3805.686156,7876.226123,3201.74881
22,work,20340.10921,14544.00235,147039.1832
23,atwork,4534.913263,17431.72039,0
23,esc,23664.83974,3356.431517,464.5518738
23,idisc,16598.78135,21528.14976,9057.82022
23,imain,44520.24234,54698.45029,6110.63269
23,jdisc,1393.240746,1808.997725,71.83871993
23,jmain,3750.449236,5955.347632,0
23,sch,0,13723.02078,20528.36906
23,Total,115837.1559,138582.8291,149480.43
23,univ,4279.408093,7734.868754,1318.460887
23,work,17095.2811,12345.84224,111928.7565
24,atwork,5299.06769,10260.87969,0
24,esc,40354.82859,15965.97692,276.8423931
24,idisc,28412.33526,22432.81391,4674.763858
24,imain,38663.54389,54091.90971,6043.916975
24,jdisc,1411.712622,2700.637569,132.8115574
24,jmain,4625.540772,6336.190831,58.25355594
24,sch,1106.72215,68955.8841,21140.65988
24,Total,139674.2399,227986.6417,139360.706
24,univ,3634.170079,9609.510446,3120.772653
24,work,16166.31883,37632.83854,103912.6851
25,atwork,5384.826792,7926.560324,0
25,esc,51641.79847,32711.23998,422.997888
25,idisc,21361.58863,27979.04074,2954.052062
25,imain,40782.34422,57989.69134,3432.635949
25,jdisc,3461.885393,3331.882534,0
25,jmain,5403.524342,11901.80691,33.8593099
25,sch,944.3414418,108471.4531,14367.72644
25,Total,147675.69,302869.1903,102547.9545
25,univ,3364.407812,11692.31215,1297.727226
25,work,15330.97288,40865.20324,80038.9556
26,atwork,3723.918807,6892.28796,0
26,esc,32125.79713,45074.65332,1111.622893
26,idisc,38490.02399,31139.43317,2520.485758
26,imain,28298.99947,48399.97723,1904.652593
26,jdisc,2179.311333,2000.578633,39.9310275
26,jmain,3903.726541,7051.41815,161.5708517
26,sch,1004.558564,119106.7746,18358.87041
26,Total,128634.8865,329455.7473,84395.27778
26,univ,3551.447613,10768.40252,2876.268763
26,work,15357.10304,59022.22177,57421.87548
27,atwork,8229.511154,4040.957294,0
27,esc,26588.01873,53786.85613,66.744397
27,idisc,45977.92177,32294.80763,3846.752575
27,imain,32660.0237,57976.07875,2316.713586
27,jdisc,5615.056993,1491.87069,345.0471972
27,jmain,6641.428957,5584.931724,15.87495315
27,sch,3017.988749,128715.3704,5357.878268
27,Total,144291.9104,389980.3136,52248.23785
27,univ,4778.286168,11856.57363,1570.6964
27,work,10783.67421,94232.86741,38728.53047
28,atwork,2644.210535,4711.390785,0
28,esc,24191.96129,31210.37581,112.5297196
28,idisc,40856.78385,22767.44569,387.3883919
28,imain,27254.84725,51621.94875,680.9255959
28,jdisc,7613.536413,2646.460283,0
28,jmain,4055.870446,6447.391134,0
28,sch,3469.477258,70052.01508,4420.015802
28,Total,125785.4999,315879.8852,34950.12792
28,univ,5503.982952,8600.460922,3248.752575
28,work,10194.82992,117822.3968,26100.51583
29,atwork,2079.410771,9073.855009,0
29,esc,21427.47518,21589.94522,585.7639907
29,idisc,47488.89281,29089.30461,3053.945857
29,imain,31651.26776,54599.38712,2111.618548
29,jdisc,12963.63612,3508.615762,0
29,jmain,8229.650544,5697.095976,0
29,sch,3896.04981,62396.7277,5264.622819
29,Total,138904.7647,370587.5292,44360.74173
29,univ,5824.687438,7116.963353,1316.62352
29,work,5343.694252,177515.6345,32028.167
30,atwork,1338.279353,1266.817077,0
30,esc,25201.80663,24705.75415,0
30,idisc,85324.58793,34804.60854,1286.057111
30,imain,26492.99188,42694.38713,2134.937153
30,jdisc,16149.31861,2310.668644,0
30,jmain,3256.564732,8114.930854,101.7011756
30,sch,4003.098863,39659.2006,1617.41814
30,Total,172009.9279,337176.155,18387.51407
30,univ,2488.09446,6239.157212,785.4384634
30,work,7755.185435,177380.6308,12461.96203
31,atwork,975.9092862,1748.828508,0
31,esc,8754.926174,18930.64914,66.9572299
31,idisc,73664.84878,38991.11677,178.3499807
31,imain,21312.43626,43043.35166,1055.212062
31,jdisc,17921.81203,7303.455971,0
31,jmain,2943.598529,6154.866282,0
31,sch,532.7116026,38604.02612,1672.717455
31,Total,132825.1494,311102.3649,12166.08182
31,univ,2943.845763,7212.061376,2708.598432
31,work,3775.060987,149114.009,6484.246657
32,atwork,0,1293.499939,0
32,esc,14946.38523,17125.21799,92.78178336
32,idisc,66813.33628,38684.39129,59.41058603
32,imain,21705.97809,36877.84238,322.7934536
32,jdisc,17408.43382,10226.57185,0
32,jmain,4244.008205,5191.211811,0
32,sch,1999.582251,21880.42451,1631.418038
32,Total,138041.9927,249391.4978,7135.487211
32,univ,3513.904576,7897.76453,109.6733654
32,work,7410.364206,110214.5735,4919.409984
33,atwork,342.5437958,648.0769426,0
33,esc,11912.45893,12035.10546,243.1541609
33,idisc,42905.67315,41351.25887,618.6072821
33,imain,22840.77597,33954.58491,529.7835685
33,jdisc,9087.746954,8798.311725,0
33,jmain,5957.103298,5861.67909,0
33,sch,614.4765861,17355.13989,543.3228591
33,Total,98003.02403,202043.0025,6752.558372
33,univ,2021.983914,3470.030686,101.4857927
33,work,2320.261435,78568.81495,4716.204708
34,atwork,994.2416813,151.4656233,0
34,esc,6403.524152,13926.6464,0
34,idisc,31023.12877,58242.63256,446.3805508
34,imain,11830.30593,37142.4885,78.44680221
34,jdisc,3558.30665,16005.55029,0
34,jmain,3175.230155,3609.495267,0
34,sch,371.2493542,13842.7613,0
34,Total,59189.24712,203147.9636,3982.248577
34,univ,550.339615,4592.609253,265.6693489
34,work,1282.920821,55634.3144,3191.751875
35,atwork,118.8295738,261.9420639,0
35,esc,4848.687922,16397.3325,0
35,idisc,20663.84077,76549.28388,0
35,imain,7468.024617,27402.79328,118.4254035
35,jdisc,3531.78986,17380.22081,0
35,jmain,811.2048206,8432.386392,0
35,sch,36.39324842,20606.95585,0
35,Total,39735.2075,228210.323,2956.129388
35,univ,644.5256796,8195.605689,352.9212994
35,work,1611.911008,52983.80253,2484.782685
36,atwork,124.5324242,391.8143333,0
36,esc,6491.437896,6019.880827,0
36,idisc,14314.22225,60953.83037,0
36,imain,3253.012949,20321.0629,0
36,jdisc,6368.13709,10928.29148,0
36,jmain,359.6338663,1924.102394,0
36,sch,0,4060.922098,0
36,Total,33499.52357,143257.7582,1570.076755
36,univ,0,4707.156176,98.206149
36,work,2588.547098,33950.69762,1471.870606
37,atwork,699.0461888,698.0582854,0
37,esc,1993.754163,11138.30909,72.01177053
37,idisc,7797.693244,62105.62051,0
37,imain,7511.108696,22191.78622,0
37,jdisc,206.4441681,11299.18346,0
37,jmain,360.796094,3603.672177,0
37,sch,0,6257.943366,0
37,Total,23835.56946,156524.6878,942.5102064
37,univ,497.945302,4733.155307,403.5069033
37,work,4768.781609,34496.9594,466.9915326
38,atwork,0,699.0461888,0
38,esc,2492.484089,5014.800838,0
38,idisc,6314.521391,31989.80936,97.25091932
38,imain,845.5607728,9110.785696,171.9794268
38,jdisc,0,8205.087418,0
38,jmain,275.3085432,1259.569069,0
38,sch,0,4053.4012,0
38,Total,13402.34765,90340.43856,1417.332484
38,univ,0,6656.437411,1133.027278
38,work,3474.472851,23351.50138,15.0748598
39,atwork,0,226.2714176,0
39,esc,932.0010917,4420.075764,0
39,idisc,3377.336931,28150.17722,0
39,imain,1517.000303,8167.922714,0
39,jdisc,19.32141183,7605.583755,0
39,jmain,106.3904528,978.4759334,0
39,sch,0,1680.450429,0
39,Total,7917.733865,79072.88901,226.4149025
39,univ,58.5546737,7012.260611,106.2412899
39,work,1907.129,20831.67117,120.1736126
40,atwork,112.7202702,0,0
40,esc,1145.259566,2839.493266,0
40,idisc,802.829206,19626.09201,0
40,imain,393.138903,2887.428975,0
40,jdisc,0,3419.370315,0
40,jmain,55.7142647,623.0304796,0
40,sch,0,1080.675079,0
40,Total,4643.792973,60565.49991,222.9672482
40,univ,0,5314.295768,0
40,work,2134.130763,24775.11402,222.9672482
41,atwork,0,0,0
41,esc,762.4804688,784.3574014,0
41,idisc,1232.907665,16607.82774,0
41,imain,1058.528043,3537.020932,0
41,jdisc,0,1205.251222,0
41,jmain,0,172.4484183,0
41,sch,0,86.2536482,40.6612433
41,Total,3511.949471,44782.6293,40.6612433
41,univ,0,1332.482568,0
41,work,458.033294,21056.98737,0
42,atwork,0,112.7202702,0
42,esc,126.1701435,1787.594624,0
42,idisc,1349.799448,7837.13771,0
42,imain,69.30979755,1913.146288,0
42,jdisc,0,381.9738235,0
42,jmain,0,152.953392,0
42,sch,0,0,0
42,Total,2513.678672,33720.01091,0
42,univ,0,1928.65158,0
42,work,968.3992822,19605.83323,0
43,atwork,0,0,0
43,esc,0,676.5260081,0
43,idisc,115.5920772,4075.146556,0
43,imain,447.8472815,1109.261212,0
43,jdisc,0,0,0
43,jmain,0,0,0
43,sch,0,0,0
43,Total,563.4393587,21556.24037,0
43,univ,0,184.8736952,0
43,work,0,15510.4329,0
44,atwork,0,0,0
44,esc,290.0584192,1440.230106,0
44,idisc,0,8499.755937,0
44,imain,0,1232.556572,0
44,jdisc,0,0,0
44,jmain,0,0,0
44,sch,0,0,0
44,Total,290.0584192,18323.72105,54.60741363
44,univ,0,320.436591,0
44,work,0,6830.741847,54.60741363
45,atwork,0,0,0
45,esc,0,159.3065366,0
45,idisc,326.7929399,1693.338986,0
45,imain,0,545.7788012,0
45,jdisc,0,0,0
45,jmain,0,0,0
45,sch,0,0,0
45,Total,417.4019552,5453.696698,0
45,univ,0,403.5069033,0
45,work,90.60901532,2651.765471,0
46,atwork,0,0,0
46,esc,0,290.0584192,0
46,idisc,0,2898.900257,0
46,imain,0,769.1478131,0
46,jdisc,0,0,0
46,jmain,0,0,0
46,sch,0,0,0
46,Total,69.19975685,7537.622747,0
46,univ,0,0,0
46,work,69.19975685,3579.516258,0
47,atwork,0,0,0
47,esc,0,72.01177053,0
47,idisc,0,3464.649542,0
47,imain,0,480.2800995,0
47,jdisc,0,0,0
47,jmain,0,0,0
47,sch,0,0,0
47,Total,0,6564.611666,39.89444781
47,univ,0,0,0
47,work,0,2547.670254,39.89444781
48,atwork,0,0,0
48,esc,0,96.58294815,0
48,idisc,0,3153.352707,0
48,imain,0,476.0140995,0
48,jdisc,0,0,0
48,jmain,0,0,0
48,sch,0,40.6612433,0
48,Total,0,8783.93175,0
48,univ,0,0,0
48,work,0,5017.320753,0
,,11407459.09,,
