"distbin","PURPOSE","freq"
1,"esco",100205.259293329
10,"esco",12599.187452264
11,"esco",6577.881176433
12,"esco",3873.115997854
13,"esco",4934.697263747
14,"esco",14622.325062551
15,"esco",2877.261806569
16,"esco",3760.749798723
17,"esco",2224.277004022
18,"esco",1440.432321708
19,"esco",3588.35191851
2,"esco",104321.437062219
20,"esco",3184.044322382
21,"esco",396.959921012
22,"esco",1865.898280768
23,"esco",711.78832544
24,"esco",756.45514554
25,"esco",1096.89375638
26,"esco",503.56427524
27,"esco",1786.692147448
28,"esco",390.559203668
29,"esco",1043.87203768
3,"esco",80301.892136053
30,"esco",491.311297532
31,"esco",196.168995081
32,"esco",2389.4303131
33,"esco",338.970517365
34,"esco",0
35,"esco",209.213513806
36,"esco",45.99165795
37,"esco",160.548261905
38,"esco",1984.766943868
39,"esco",34.767298965
4,"esco",61233.743852873
40,"esco",0
41,"esco",4698.949747151
5,"esco",42915.524672152
6,"esco",31172.199370846
7,"esco",32299.470950508
8,"esco",16903.680145454
9,"esco",18497.288748648
1,"imain",122468.194884344
10,"imain",30563.171123726
11,"imain",23652.640435332
12,"imain",21651.471987967
13,"imain",16579.010431928
14,"imain",17071.704825983
15,"imain",11153.475968487
16,"imain",10698.418930735
17,"imain",6831.938137419
18,"imain",10457.103569653
19,"imain",10919.353723366
2,"imain",174784.071173896
20,"imain",4208.401295105
21,"imain",8325.393596421
22,"imain",5012.805467447
23,"imain",4835.651460009
24,"imain",3739.837384828
25,"imain",4781.051898814
26,"imain",4058.128953031
27,"imain",1036.28815665
28,"imain",3096.81946219
29,"imain",2160.521709516
3,"imain",151019.356990708
30,"imain",2410.402314731
31,"imain",3559.596112884
32,"imain",1628.159378718
33,"imain",1059.3892478
34,"imain",1039.71522522
35,"imain",835.01402588
36,"imain",1170.835206649
37,"imain",707.958606739
38,"imain",1934.084048804
39,"imain",427.577860358
4,"imain",116631.952724728
40,"imain",986.400038938
41,"imain",11879.65943194
5,"imain",78655.742075737
6,"imain",71580.727518371
7,"imain",51492.144155885
8,"imain",49195.063070182
9,"imain",29879.589717474
1,"idisc",206293.687541538
10,"idisc",22300.506033371
11,"idisc",17776.400722973
12,"idisc",17668.058194193
13,"idisc",20719.230912953
14,"idisc",13943.089108849
15,"idisc",9654.960260913
16,"idisc",10869.986226803
17,"idisc",9129.861004528
18,"idisc",6144.875715281
19,"idisc",9755.096177111
2,"idisc",143211.582157083
20,"idisc",5032.731897143
21,"idisc",5489.835796908
22,"idisc",4148.469529821
23,"idisc",5299.699961702
24,"idisc",2445.119067335
25,"idisc",2728.542411259
26,"idisc",1027.839944856
27,"idisc",1879.49199141
28,"idisc",1478.934858545
29,"idisc",1934.069470281
3,"idisc",122571.891209217
30,"idisc",3463.846552498
31,"idisc",625.398412189
32,"idisc",1497.769312191
33,"idisc",776.574331585
34,"idisc",1017.552052182
35,"idisc",342.63920011
36,"idisc",552.087408491
37,"idisc",94.954619357
38,"idisc",2090.425435002
39,"idisc",483.213488123
4,"idisc",92984.329002627
40,"idisc",670.83546676
41,"idisc",6577.597386562
5,"idisc",84684.612486676
6,"idisc",53545.086946572
7,"idisc",43694.159699592
8,"idisc",34404.806367805
9,"idisc",30513.160170701
1,"jmain",13225.920708692
10,"jmain",3590.930066974
11,"jmain",3019.494861103
12,"jmain",2674.685297755
13,"jmain",2863.113899257
14,"jmain",3730.130353549
15,"jmain",2959.967051796
16,"jmain",1627.509005477
17,"jmain",1507.693827567
18,"jmain",1224.665317852
19,"jmain",1282.046454176
2,"jmain",14006.866107148
20,"jmain",1015.316342581
21,"jmain",635.218348294
22,"jmain",577.582983634
23,"jmain",725.152377689
24,"jmain",0
25,"jmain",381.980502791
26,"jmain",24.5310492
27,"jmain",362.142992954
28,"jmain",61.834539586
29,"jmain",11.796480419
3,"jmain",19436.655366316
30,"jmain",428.967033064
31,"jmain",400.902374524
32,"jmain",152.68590072
33,"jmain",76.42513095
34,"jmain",21.078368988
35,"jmain",84.850302384
36,"jmain",31.177550893
37,"jmain",165.629854126
38,"jmain",104.280085
39,"jmain",263.921387669
4,"jmain",14008.00923138
40,"jmain",259.350311
41,"jmain",1599.886963177
5,"jmain",12145.297900813
6,"jmain",7652.780821285
7,"jmain",10314.473659976
8,"jmain",4511.464741401
9,"jmain",3520.415454204
1,"jdisc",16795.785000116
10,"jdisc",4462.904053416
11,"jdisc",2181.704678187
12,"jdisc",4814.875352811
13,"jdisc",1109.980721644
14,"jdisc",1876.147557092
15,"jdisc",1485.151568022
16,"jdisc",2206.877071019
17,"jdisc",1386.397872508
18,"jdisc",2019.09369483
19,"jdisc",1673.35786021
2,"jdisc",15461.844051257
20,"jdisc",543.084217071
21,"jdisc",1465.354668945
22,"jdisc",238.56909244
23,"jdisc",400.621404088
24,"jdisc",320.085073001
25,"jdisc",869.629859063
26,"jdisc",68.56578906
27,"jdisc",0
28,"jdisc",792.509883019
29,"jdisc",197.424881887
3,"jdisc",16219.352960639
30,"jdisc",427.171571034
31,"jdisc",694.852296345
32,"jdisc",38.6018643
33,"jdisc",162.594816349
34,"jdisc",205.151152737
35,"jdisc",194.60369121
36,"jdisc",400.424593473
37,"jdisc",84.703250725
38,"jdisc",89.893900666
39,"jdisc",545.318925652
4,"jdisc",15505.426632131
40,"jdisc",213.182959196
41,"jdisc",996.394925308
5,"jdisc",12931.328847907
6,"jdisc",9332.822746222
7,"jdisc",6108.646383716
8,"jdisc",6766.747098736
9,"jdisc",4521.568597414
1,"atwork",52292.423291489
10,"atwork",4896.264480155
11,"atwork",4114.863336944
12,"atwork",2469.768681434
13,"atwork",4245.372025157
14,"atwork",975.546751564
15,"atwork",2483.380036139
16,"atwork",1684.776490095
17,"atwork",1961.302641675
18,"atwork",2284.753071789
19,"atwork",1576.402524327
2,"atwork",38752.253682052
20,"atwork",1121.063920149
21,"atwork",449.928247097
22,"atwork",793.93147746
23,"atwork",1250.496765025
24,"atwork",179.376168409
25,"atwork",499.640853799
26,"atwork",631.062650624
27,"atwork",160.792882104
28,"atwork",1269.051259455
29,"atwork",983.647573206
3,"atwork",35344.965871282
30,"atwork",92.99304756
31,"atwork",0
32,"atwork",221.83019439
33,"atwork",204.248165625
34,"atwork",0
35,"atwork",139.85465991
36,"atwork",553.778224919
37,"atwork",0
38,"atwork",70.51181916
39,"atwork",0
4,"atwork",25581.337325938
40,"atwork",0
41,"atwork",1042.265355516
5,"atwork",11130.304985315
6,"atwork",11658.108987995
7,"atwork",6297.762093378
8,"atwork",8229.022193992
9,"atwork",5104.392790785
1,"Total",511281.270719508
10,"Total",78412.963209906
11,"Total",57322.985210972
12,"Total",53151.975512014
13,"Total",50451.405254686
14,"Total",52218.943659588
15,"Total",30614.196691926
16,"Total",30848.317522852
17,"Total",23041.470487719
18,"Total",23570.923691113
19,"Total",28794.6086577
2,"Total",490538.054233655
20,"Total",15104.641994431
21,"Total",16762.690578677
22,"Total",12637.25683157
23,"Total",13223.410293953
24,"Total",7440.872839113
25,"Total",10357.739282106
26,"Total",6313.692662011
27,"Total",5225.408170566
28,"Total",7089.709206463
29,"Total",6331.332152989
3,"Total",424894.114534215
30,"Total",7314.691816419
31,"Total",5476.918191023
32,"Total",5928.476963419
33,"Total",2618.202209674
34,"Total",2283.496799127
35,"Total",1806.1753933
36,"Total",2754.294642375
37,"Total",1213.794592852
38,"Total",6273.9622325
39,"Total",1754.798960767
4,"Total",325944.798769677
40,"Total",2129.768775894
41,"Total",26794.753809654
5,"Total",242462.8109686
6,"Total",184941.726391291
7,"Total",150206.656943055
8,"Total",120010.78361757
9,"Total",92036.415479226
