tripmode,tourmode,purpose,value,grp_var
1,Auto SOV,work,2586180,worktourmode1
2,Auto SOV,work,0,worktourmode1
3,Auto SOV,work,0,worktourmode1
4,Auto SOV,work,13810,worktourmode1
5,Auto SOV,work,0,worktourmode1
6,Auto SOV,work,0,worktourmode1
7,Auto SOV,work,0,worktourmode1
8,Auto SOV,work,0,worktourmode1
9,Auto SOV,work,0,worktourmode1
10,Auto SOV,work,0,worktourmode1
10,Auto SOV,work,0,worktourmode1
10,Auto SOV,work,0,worktourmode1
1,Auto 2 Person,work,298893,worktourmode2
2,Auto 2 Person,work,554236,worktourmode2
3,Auto 2 Person,work,0,worktourmode2
4,Auto 2 Person,work,10604,worktourmode2
5,Auto 2 Person,work,0,worktourmode2
6,Auto 2 Person,work,0,worktourmode2
7,Auto 2 Person,work,0,worktourmode2
8,Auto 2 Person,work,0,worktourmode2
9,Auto 2 Person,work,0,worktourmode2
10,Auto 2 Person,work,0,worktourmode2
10,Auto 2 Person,work,0,worktourmode2
10,Auto 2 Person,work,0,worktourmode2
1,Auto 3+ Person,work,114229,worktourmode3
2,Auto 3+ Person,work,94147,worktourmode3
3,Auto 3+ Person,work,147612,worktourmode3
4,Auto 3+ Person,work,2336,worktourmode3
5,Auto 3+ Person,work,0,worktourmode3
6,Auto 3+ Person,work,0,worktourmode3
7,Auto 3+ Person,work,0,worktourmode3
8,Auto 3+ Person,work,0,worktourmode3
9,Auto 3+ Person,work,0,worktourmode3
10,Auto 3+ Person,work,0,worktourmode3
10,Auto 3+ Person,work,0,worktourmode3
10,Auto 3+ Person,work,0,worktourmode3
1,Walk,work,0,worktourmode4
2,Walk,work,0,worktourmode4
3,Walk,work,0,worktourmode4
4,Walk,work,36019,worktourmode4
5,Walk,work,0,worktourmode4
6,Walk,work,0,worktourmode4
7,Walk,work,0,worktourmode4
8,Walk,work,0,worktourmode4
9,Walk,work,0,worktourmode4
10,Walk,work,0,worktourmode4
10,Walk,work,0,worktourmode4
10,Walk,work,0,worktourmode4
1,Bike/Moped,work,0,worktourmode5
2,Bike/Moped,work,0,worktourmode5
3,Bike/Moped,work,0,worktourmode5
4,Bike/Moped,work,0,worktourmode5
5,Bike/Moped,work,39352,worktourmode5
6,Bike/Moped,work,0,worktourmode5
7,Bike/Moped,work,0,worktourmode5
8,Bike/Moped,work,0,worktourmode5
9,Bike/Moped,work,0,worktourmode5
10,Bike/Moped,work,0,worktourmode5
10,Bike/Moped,work,0,worktourmode5
10,Bike/Moped,work,0,worktourmode5
1,Walk-Transit,work,0,worktourmode6
2,Walk-Transit,work,15057,worktourmode6
3,Walk-Transit,work,12543,worktourmode6
4,Walk-Transit,work,92807,worktourmode6
5,Walk-Transit,work,0,worktourmode6
6,Walk-Transit,work,44711,worktourmode6
7,Walk-Transit,work,0,worktourmode6
8,Walk-Transit,work,0,worktourmode6
9,Walk-Transit,work,0,worktourmode6
10,Walk-Transit,work,1840,worktourmode6
10,Walk-Transit,work,965,worktourmode6
10,Walk-Transit,work,0,worktourmode6
1,PNR-Transit,work,0,worktourmode7
2,PNR-Transit,work,0,worktourmode7
3,PNR-Transit,work,0,worktourmode7
4,PNR-Transit,work,0,worktourmode7
5,PNR-Transit,work,0,worktourmode7
6,PNR-Transit,work,0,worktourmode7
7,PNR-Transit,work,9766,worktourmode7
8,PNR-Transit,work,0,worktourmode7
9,PNR-Transit,work,0,worktourmode7
10,PNR-Transit,work,0,worktourmode7
10,PNR-Transit,work,0,worktourmode7
10,PNR-Transit,work,0,worktourmode7
1,KNR-Transit,work,0,worktourmode8
2,KNR-Transit,work,0,worktourmode8
3,KNR-Transit,work,0,worktourmode8
4,KNR-Transit,work,0,worktourmode8
5,KNR-Transit,work,0,worktourmode8
6,KNR-Transit,work,0,worktourmode8
7,KNR-Transit,work,0,worktourmode8
8,KNR-Transit,work,2397,worktourmode8
9,KNR-Transit,work,0,worktourmode8
10,KNR-Transit,work,0,worktourmode8
10,KNR-Transit,work,0,worktourmode8
10,KNR-Transit,work,0,worktourmode8
1,School Bus,work,0,worktourmode9
2,School Bus,work,0,worktourmode9
3,School Bus,work,0,worktourmode9
4,School Bus,work,0,worktourmode9
5,School Bus,work,0,worktourmode9
6,School Bus,work,0,worktourmode9
7,School Bus,work,0,worktourmode9
8,School Bus,work,0,worktourmode9
9,School Bus,work,0,worktourmode9
10,School Bus,work,0,worktourmode9
10,School Bus,work,0,worktourmode9
10,School Bus,work,0,worktourmode9
1,Ride Hail,work,0,worktourmode10
2,Ride Hail,work,1225,worktourmode10
3,Ride Hail,work,220,worktourmode10
4,Ride Hail,work,2158,worktourmode10
5,Ride Hail,work,0,worktourmode10
6,Ride Hail,work,0,worktourmode10
7,Ride Hail,work,0,worktourmode10
8,Ride Hail,work,0,worktourmode10
9,Ride Hail,work,0,worktourmode10
10,Ride Hail,work,6703,worktourmode10
1,Total,work,2999302,workTotal
2,Total,work,664665,workTotal
3,Total,work,160375,workTotal
4,Total,work,157734,workTotal
5,Total,work,39352,workTotal
6,Total,work,44711,workTotal
7,Total,work,9766,workTotal
8,Total,work,2397,workTotal
9,Total,work,0,workTotal
10,Total,work,7332,workTotal
10,Total,work,2119,workTotal
10,Total,work,57,workTotal
1,Auto SOV,univ,193648,univtourmode1
2,Auto SOV,univ,0,univtourmode1
3,Auto SOV,univ,0,univtourmode1
4,Auto SOV,univ,4457,univtourmode1
5,Auto SOV,univ,0,univtourmode1
6,Auto SOV,univ,0,univtourmode1
7,Auto SOV,univ,0,univtourmode1
8,Auto SOV,univ,0,univtourmode1
9,Auto SOV,univ,0,univtourmode1
10,Auto SOV,univ,0,univtourmode1
10,Auto SOV,univ,0,univtourmode1
10,Auto SOV,univ,0,univtourmode1
1,Auto 2 Person,univ,26184,univtourmode2
2,Auto 2 Person,univ,95321,univtourmode2
3,Auto 2 Person,univ,0,univtourmode2
4,Auto 2 Person,univ,5296,univtourmode2
5,Auto 2 Person,univ,0,univtourmode2
6,Auto 2 Person,univ,0,univtourmode2
7,Auto 2 Person,univ,0,univtourmode2
8,Auto 2 Person,univ,0,univtourmode2
9,Auto 2 Person,univ,0,univtourmode2
10,Auto 2 Person,univ,0,univtourmode2
10,Auto 2 Person,univ,0,univtourmode2
10,Auto 2 Person,univ,0,univtourmode2
1,Auto 3+ Person,univ,16054,univtourmode3
2,Auto 3+ Person,univ,21898,univtourmode3
3,Auto 3+ Person,univ,66974,univtourmode3
4,Auto 3+ Person,univ,3065,univtourmode3
5,Auto 3+ Person,univ,0,univtourmode3
6,Auto 3+ Person,univ,0,univtourmode3
7,Auto 3+ Person,univ,0,univtourmode3
8,Auto 3+ Person,univ,0,univtourmode3
9,Auto 3+ Person,univ,0,univtourmode3
10,Auto 3+ Person,univ,0,univtourmode3
10,Auto 3+ Person,univ,0,univtourmode3
10,Auto 3+ Person,univ,0,univtourmode3
1,Walk,univ,0,univtourmode4
2,Walk,univ,0,univtourmode4
3,Walk,univ,0,univtourmode4
4,Walk,univ,49657,univtourmode4
5,Walk,univ,0,univtourmode4
6,Walk,univ,0,univtourmode4
7,Walk,univ,0,univtourmode4
8,Walk,univ,0,univtourmode4
9,Walk,univ,0,univtourmode4
10,Walk,univ,0,univtourmode4
10,Walk,univ,0,univtourmode4
10,Walk,univ,0,univtourmode4
1,Bike/Moped,univ,0,univtourmode5
2,Bike/Moped,univ,0,univtourmode5
3,Bike/Moped,univ,0,univtourmode5
4,Bike/Moped,univ,0,univtourmode5
5,Bike/Moped,univ,21905,univtourmode5
6,Bike/Moped,univ,0,univtourmode5
7,Bike/Moped,univ,0,univtourmode5
8,Bike/Moped,univ,0,univtourmode5
9,Bike/Moped,univ,0,univtourmode5
10,Bike/Moped,univ,0,univtourmode5
10,Bike/Moped,univ,0,univtourmode5
10,Bike/Moped,univ,0,univtourmode5
1,Walk-Transit,univ,0,univtourmode6
2,Walk-Transit,univ,12199,univtourmode6
3,Walk-Transit,univ,1525,univtourmode6
4,Walk-Transit,univ,96059,univtourmode6
5,Walk-Transit,univ,0,univtourmode6
6,Walk-Transit,univ,29010,univtourmode6
7,Walk-Transit,univ,0,univtourmode6
8,Walk-Transit,univ,0,univtourmode6
9,Walk-Transit,univ,0,univtourmode6
10,Walk-Transit,univ,64,univtourmode6
10,Walk-Transit,univ,0,univtourmode6
10,Walk-Transit,univ,0,univtourmode6
1,PNR-Transit,univ,0,univtourmode7
2,PNR-Transit,univ,0,univtourmode7
3,PNR-Transit,univ,0,univtourmode7
4,PNR-Transit,univ,0,univtourmode7
5,PNR-Transit,univ,0,univtourmode7
6,PNR-Transit,univ,0,univtourmode7
7,PNR-Transit,univ,2391,univtourmode7
8,PNR-Transit,univ,0,univtourmode7
9,PNR-Transit,univ,0,univtourmode7
10,PNR-Transit,univ,96,univtourmode7
10,PNR-Transit,univ,48,univtourmode7
10,PNR-Transit,univ,0,univtourmode7
1,KNR-Transit,univ,0,univtourmode8
2,KNR-Transit,univ,0,univtourmode8
3,KNR-Transit,univ,0,univtourmode8
4,KNR-Transit,univ,0,univtourmode8
5,KNR-Transit,univ,0,univtourmode8
6,KNR-Transit,univ,0,univtourmode8
7,KNR-Transit,univ,0,univtourmode8
8,KNR-Transit,univ,121,univtourmode8
9,KNR-Transit,univ,0,univtourmode8
10,KNR-Transit,univ,0,univtourmode8
10,KNR-Transit,univ,0,univtourmode8
10,KNR-Transit,univ,0,univtourmode8
1,School Bus,univ,0,univtourmode9
2,School Bus,univ,0,univtourmode9
3,School Bus,univ,0,univtourmode9
4,School Bus,univ,0,univtourmode9
5,School Bus,univ,0,univtourmode9
6,School Bus,univ,0,univtourmode9
7,School Bus,univ,0,univtourmode9
8,School Bus,univ,0,univtourmode9
9,School Bus,univ,0,univtourmode9
10,School Bus,univ,0,univtourmode9
10,School Bus,univ,0,univtourmode9
10,School Bus,univ,0,univtourmode9
1,Ride Hail,univ,0,univtourmode10
2,Ride Hail,univ,0,univtourmode10
3,Ride Hail,univ,0,univtourmode10
4,Ride Hail,univ,621,univtourmode10
5,Ride Hail,univ,0,univtourmode10
6,Ride Hail,univ,0,univtourmode10
7,Ride Hail,univ,0,univtourmode10
8,Ride Hail,univ,0,univtourmode10
9,Ride Hail,univ,0,univtourmode10
10,Ride Hail,univ,474,univtourmode10
1,Total,univ,235886,univTotal
2,Total,univ,129418,univTotal
3,Total,univ,68499,univTotal
4,Total,univ,159155,univTotal
5,Total,univ,21905,univTotal
6,Total,univ,29010,univTotal
7,Total,univ,2391,univTotal
8,Total,univ,121,univTotal
9,Total,univ,0,univTotal
10,Total,univ,416,univTotal
10,Total,univ,266,univTotal
10,Total,univ,0,univTotal
1,Auto SOV,schl,100705,schltourmode1
2,Auto SOV,schl,0,schltourmode1
3,Auto SOV,schl,0,schltourmode1
4,Auto SOV,schl,0,schltourmode1
5,Auto SOV,schl,0,schltourmode1
6,Auto SOV,schl,0,schltourmode1
7,Auto SOV,schl,0,schltourmode1
8,Auto SOV,schl,0,schltourmode1
9,Auto SOV,schl,0,schltourmode1
10,Auto SOV,schl,0,schltourmode1
1,Auto 2 Person,schl,22199,schltourmode2
2,Auto 2 Person,schl,399546,schltourmode2
3,Auto 2 Person,schl,0,schltourmode2
4,Auto 2 Person,schl,24494,schltourmode2
5,Auto 2 Person,schl,0,schltourmode2
6,Auto 2 Person,schl,0,schltourmode2
7,Auto 2 Person,schl,0,schltourmode2
8,Auto 2 Person,schl,0,schltourmode2
9,Auto 2 Person,schl,0,schltourmode2
10,Auto 2 Person,schl,0,schltourmode2
1,Auto 3+ Person,schl,6339,schltourmode3
2,Auto 3+ Person,schl,181654,schltourmode3
3,Auto 3+ Person,schl,836723,schltourmode3
4,Auto 3+ Person,schl,33065,schltourmode3
5,Auto 3+ Person,schl,0,schltourmode3
6,Auto 3+ Person,schl,0,schltourmode3
7,Auto 3+ Person,schl,0,schltourmode3
8,Auto 3+ Person,schl,0,schltourmode3
9,Auto 3+ Person,schl,0,schltourmode3
10,Auto 3+ Person,schl,0,schltourmode3
1,Walk,schl,0,schltourmode4
2,Walk,schl,0,schltourmode4
3,Walk,schl,0,schltourmode4
4,Walk,schl,106295,schltourmode4
5,Walk,schl,0,schltourmode4
6,Walk,schl,0,schltourmode4
7,Walk,schl,0,schltourmode4
8,Walk,schl,0,schltourmode4
9,Walk,schl,0,schltourmode4
10,Walk,schl,0,schltourmode4
10,Walk,schl,0,schltourmode4
10,Walk,schl,0,schltourmode4
1,Bike/Moped,schl,0,schltourmode5
2,Bike/Moped,schl,0,schltourmode5
3,Bike/Moped,schl,0,schltourmode5
4,Bike/Moped,schl,0,schltourmode5
5,Bike/Moped,schl,26486,schltourmode5
6,Bike/Moped,schl,0,schltourmode5
7,Bike/Moped,schl,0,schltourmode5
8,Bike/Moped,schl,0,schltourmode5
9,Bike/Moped,schl,0,schltourmode5
10,Bike/Moped,schl,0,schltourmode5
1,Walk-Transit,schl,0,schltourmode6
2,Walk-Transit,schl,8688,schltourmode6
3,Walk-Transit,schl,4355,schltourmode6
4,Walk-Transit,schl,8688,schltourmode6
5,Walk-Transit,schl,0,schltourmode6
6,Walk-Transit,schl,4479,schltourmode6
7,Walk-Transit,schl,0,schltourmode6
8,Walk-Transit,schl,0,schltourmode6
9,Walk-Transit,schl,0,schltourmode6
10,Walk-Transit,schl,0,schltourmode6
10,Walk-Transit,schl,0,schltourmode6
10,Walk-Transit,schl,0,schltourmode6
1,PNR-Transit,schl,0,schltourmode7
2,PNR-Transit,schl,0,schltourmode7
3,PNR-Transit,schl,0,schltourmode7
4,PNR-Transit,schl,0,schltourmode7
5,PNR-Transit,schl,0,schltourmode7
6,PNR-Transit,schl,0,schltourmode7
7,PNR-Transit,schl,70,schltourmode7
8,PNR-Transit,schl,0,schltourmode7
9,PNR-Transit,schl,0,schltourmode7
10,PNR-Transit,schl,0,schltourmode7
1,KNR-Transit,schl,0,schltourmode8
2,KNR-Transit,schl,0,schltourmode8
3,KNR-Transit,schl,0,schltourmode8
4,KNR-Transit,schl,0,schltourmode8
5,KNR-Transit,schl,0,schltourmode8
6,KNR-Transit,schl,0,schltourmode8
7,KNR-Transit,schl,0,schltourmode8
8,KNR-Transit,schl,219,schltourmode8
9,KNR-Transit,schl,0,schltourmode8
10,KNR-Transit,schl,0,schltourmode8
1,School Bus,schl,0,schltourmode9
2,School Bus,schl,123375,schltourmode9
3,School Bus,schl,136015,schltourmode9
4,School Bus,schl,34266,schltourmode9
5,School Bus,schl,0,schltourmode9
6,School Bus,schl,0,schltourmode9
7,School Bus,schl,0,schltourmode9
8,School Bus,schl,0,schltourmode9
9,School Bus,schl,623563,schltourmode9
10,School Bus,schl,0,schltourmode9
10,School Bus,schl,0,schltourmode9
10,School Bus,schl,0,schltourmode9
1,Ride Hail,schl,0,schltourmode10
2,Ride Hail,schl,0,schltourmode10
3,Ride Hail,schl,0,schltourmode10
4,Ride Hail,schl,0,schltourmode10
5,Ride Hail,schl,0,schltourmode10
6,Ride Hail,schl,0,schltourmode10
7,Ride Hail,schl,0,schltourmode10
8,Ride Hail,schl,0,schltourmode10
9,Ride Hail,schl,0,schltourmode10
10,Ride Hail,schl,0,schltourmode10
1,Total,schl,129243,schlTotal
2,Total,schl,713263,schlTotal
3,Total,schl,977093,schlTotal
4,Total,schl,206808,schlTotal
5,Total,schl,26486,schlTotal
6,Total,schl,4479,schlTotal
7,Total,schl,70,schlTotal
8,Total,schl,219,schlTotal
9,Total,schl,623563,schlTotal
10,Total,schl,0,schlTotal
10,Total,schl,0,schlTotal
10,Total,schl,0,schlTotal
1,Auto SOV,atwork,607694,atworktourmode1
2,Auto SOV,atwork,0,atworktourmode1
3,Auto SOV,atwork,0,atworktourmode1
4,Auto SOV,atwork,3887,atworktourmode1
5,Auto SOV,atwork,0,atworktourmode1
6,Auto SOV,atwork,0,atworktourmode1
7,Auto SOV,atwork,0,atworktourmode1
8,Auto SOV,atwork,0,atworktourmode1
9,Auto SOV,atwork,0,atworktourmode1
10,Auto SOV,atwork,0,atworktourmode1
10,Auto SOV,atwork,0,atworktourmode1
10,Auto SOV,atwork,0,atworktourmode1
1,Auto 2 Person,atwork,20063,atworktourmode2
2,Auto 2 Person,atwork,161706,atworktourmode2
3,Auto 2 Person,atwork,0,atworktourmode2
4,Auto 2 Person,atwork,202,atworktourmode2
5,Auto 2 Person,atwork,0,atworktourmode2
6,Auto 2 Person,atwork,0,atworktourmode2
7,Auto 2 Person,atwork,0,atworktourmode2
8,Auto 2 Person,atwork,0,atworktourmode2
9,Auto 2 Person,atwork,0,atworktourmode2
10,Auto 2 Person,atwork,0,atworktourmode2
10,Auto 2 Person,atwork,0,atworktourmode2
10,Auto 2 Person,atwork,0,atworktourmode2
1,Auto 3+ Person,atwork,7288,atworktourmode3
2,Auto 3+ Person,atwork,27916,atworktourmode3
3,Auto 3+ Person,atwork,68557,atworktourmode3
4,Auto 3+ Person,atwork,220,atworktourmode3
5,Auto 3+ Person,atwork,0,atworktourmode3
6,Auto 3+ Person,atwork,0,atworktourmode3
7,Auto 3+ Person,atwork,0,atworktourmode3
8,Auto 3+ Person,atwork,0,atworktourmode3
9,Auto 3+ Person,atwork,0,atworktourmode3
10,Auto 3+ Person,atwork,0,atworktourmode3
10,Auto 3+ Person,atwork,0,atworktourmode3
10,Auto 3+ Person,atwork,0,atworktourmode3
1,Walk,atwork,0,atworktourmode4
2,Walk,atwork,0,atworktourmode4
3,Walk,atwork,0,atworktourmode4
4,Walk,atwork,129505,atworktourmode4
5,Walk,atwork,0,atworktourmode4
6,Walk,atwork,0,atworktourmode4
7,Walk,atwork,0,atworktourmode4
8,Walk,atwork,0,atworktourmode4
9,Walk,atwork,0,atworktourmode4
10,Walk,atwork,0,atworktourmode4
10,Walk,atwork,0,atworktourmode4
10,Walk,atwork,0,atworktourmode4
1,Bike/Moped,atwork,0,atworktourmode5
2,Bike/Moped,atwork,0,atworktourmode5
3,Bike/Moped,atwork,0,atworktourmode5
4,Bike/Moped,atwork,0,atworktourmode5
5,Bike/Moped,atwork,2581,atworktourmode5
6,Bike/Moped,atwork,0,atworktourmode5
7,Bike/Moped,atwork,0,atworktourmode5
8,Bike/Moped,atwork,0,atworktourmode5
9,Bike/Moped,atwork,0,atworktourmode5
10,Bike/Moped,atwork,0,atworktourmode5
10,Bike/Moped,atwork,0,atworktourmode5
10,Bike/Moped,atwork,0,atworktourmode5
1,Walk-Transit,atwork,0,atworktourmode6
2,Walk-Transit,atwork,0,atworktourmode6
3,Walk-Transit,atwork,15648,atworktourmode6
4,Walk-Transit,atwork,15648,atworktourmode6
5,Walk-Transit,atwork,0,atworktourmode6
6,Walk-Transit,atwork,237,atworktourmode6
7,Walk-Transit,atwork,0,atworktourmode6
8,Walk-Transit,atwork,0,atworktourmode6
9,Walk-Transit,atwork,0,atworktourmode6
10,Walk-Transit,atwork,67,atworktourmode6
10,Walk-Transit,atwork,0,atworktourmode6
10,Walk-Transit,atwork,0,atworktourmode6
1,PNR-Transit,atwork,0,atworktourmode7
2,PNR-Transit,atwork,0,atworktourmode7
3,PNR-Transit,atwork,0,atworktourmode7
4,PNR-Transit,atwork,0,atworktourmode7
5,PNR-Transit,atwork,0,atworktourmode7
6,PNR-Transit,atwork,0,atworktourmode7
7,PNR-Transit,atwork,7,atworktourmode7
8,PNR-Transit,atwork,0,atworktourmode7
9,PNR-Transit,atwork,0,atworktourmode7
10,PNR-Transit,atwork,0,atworktourmode7
10,PNR-Transit,atwork,0,atworktourmode7
10,PNR-Transit,atwork,0,atworktourmode7
1,KNR-Transit,atwork,0,atworktourmode8
2,KNR-Transit,atwork,0,atworktourmode8
3,KNR-Transit,atwork,0,atworktourmode8
4,KNR-Transit,atwork,0,atworktourmode8
5,KNR-Transit,atwork,0,atworktourmode8
6,KNR-Transit,atwork,0,atworktourmode8
7,KNR-Transit,atwork,0,atworktourmode8
8,KNR-Transit,atwork,6,atworktourmode8
9,KNR-Transit,atwork,0,atworktourmode8
10,KNR-Transit,atwork,0,atworktourmode8
10,KNR-Transit,atwork,0,atworktourmode8
10,KNR-Transit,atwork,0,atworktourmode8
1,School Bus,atwork,0,atworktourmode9
2,School Bus,atwork,0,atworktourmode9
3,School Bus,atwork,0,atworktourmode9
4,School Bus,atwork,0,atworktourmode9
5,School Bus,atwork,0,atworktourmode9
6,School Bus,atwork,0,atworktourmode9
7,School Bus,atwork,0,atworktourmode9
8,School Bus,atwork,0,atworktourmode9
9,School Bus,atwork,0,atworktourmode9
10,School Bus,atwork,0,atworktourmode9
10,School Bus,atwork,0,atworktourmode9
10,School Bus,atwork,0,atworktourmode9
1,Ride Hail,atwork,0,atworktourmode10
2,Ride Hail,atwork,90,atworktourmode10
3,Ride Hail,atwork,6887,atworktourmode10
4,Ride Hail,atwork,486,atworktourmode10
5,Ride Hail,atwork,0,atworktourmode10
6,Ride Hail,atwork,0,atworktourmode10
7,Ride Hail,atwork,0,atworktourmode10
8,Ride Hail,atwork,0,atworktourmode10
9,Ride Hail,atwork,0,atworktourmode10
10,Ride Hail,atwork,2761,atworktourmode10
10,Ride Hail,atwork,274,atworktourmode10
10,Ride Hail,atwork,23,atworktourmode10
1,Total,atwork,635045,atworkTotal
2,Total,atwork,189712,atworkTotal
3,Total,atwork,91092,atworkTotal
4,Total,atwork,149948,atworkTotal
5,Total,atwork,2581,atworkTotal
6,Total,atwork,237,atworkTotal
7,Total,atwork,7,atworkTotal
8,Total,atwork,6,atworkTotal
9,Total,atwork,0,atworkTotal
10,Total,atwork,2828,atworkTotal
10,Total,atwork,274,atworkTotal
10,Total,atwork,23,atworkTotal
1,Auto SOV,imain,2344955,imaintourmode1
2,Auto SOV,imain,0,imaintourmode1
3,Auto SOV,imain,0,imaintourmode1
4,Auto SOV,imain,27550,imaintourmode1
5,Auto SOV,imain,0,imaintourmode1
6,Auto SOV,imain,0,imaintourmode1
7,Auto SOV,imain,0,imaintourmode1
8,Auto SOV,imain,0,imaintourmode1
9,Auto SOV,imain,0,imaintourmode1
10,Auto SOV,imain,0,imaintourmode1
10,Auto SOV,imain,0,imaintourmode1
10,Auto SOV,imain,0,imaintourmode1
1,Auto 2 Person,imain,454663,imaintourmode2
2,Auto 2 Person,imain,984597,imaintourmode2
3,Auto 2 Person,imain,0,imaintourmode2
4,Auto 2 Person,imain,10617,imaintourmode2
5,Auto 2 Person,imain,0,imaintourmode2
6,Auto 2 Person,imain,0,imaintourmode2
7,Auto 2 Person,imain,0,imaintourmode2
8,Auto 2 Person,imain,0,imaintourmode2
9,Auto 2 Person,imain,0,imaintourmode2
10,Auto 2 Person,imain,0,imaintourmode2
10,Auto 2 Person,imain,0,imaintourmode2
10,Auto 2 Person,imain,0,imaintourmode2
1,Auto 3+ Person,imain,153932,imaintourmode3
2,Auto 3+ Person,imain,302301,imaintourmode3
3,Auto 3+ Person,imain,700698,imaintourmode3
4,Auto 3+ Person,imain,10565,imaintourmode3
5,Auto 3+ Person,imain,0,imaintourmode3
6,Auto 3+ Person,imain,0,imaintourmode3
7,Auto 3+ Person,imain,0,imaintourmode3
8,Auto 3+ Person,imain,0,imaintourmode3
9,Auto 3+ Person,imain,0,imaintourmode3
10,Auto 3+ Person,imain,0,imaintourmode3
10,Auto 3+ Person,imain,0,imaintourmode3
10,Auto 3+ Person,imain,0,imaintourmode3
1,Walk,imain,0,imaintourmode4
2,Walk,imain,0,imaintourmode4
3,Walk,imain,0,imaintourmode4
4,Walk,imain,194124,imaintourmode4
5,Walk,imain,0,imaintourmode4
6,Walk,imain,0,imaintourmode4
7,Walk,imain,0,imaintourmode4
8,Walk,imain,0,imaintourmode4
9,Walk,imain,0,imaintourmode4
10,Walk,imain,0,imaintourmode4
10,Walk,imain,0,imaintourmode4
10,Walk,imain,0,imaintourmode4
1,Bike/Moped,imain,0,imaintourmode5
2,Bike/Moped,imain,0,imaintourmode5
3,Bike/Moped,imain,0,imaintourmode5
4,Bike/Moped,imain,0,imaintourmode5
5,Bike/Moped,imain,44981,imaintourmode5
6,Bike/Moped,imain,0,imaintourmode5
7,Bike/Moped,imain,0,imaintourmode5
8,Bike/Moped,imain,0,imaintourmode5
9,Bike/Moped,imain,0,imaintourmode5
10,Bike/Moped,imain,0,imaintourmode5
10,Bike/Moped,imain,0,imaintourmode5
10,Bike/Moped,imain,0,imaintourmode5
1,Walk-Transit,imain,0,imaintourmode6
2,Walk-Transit,imain,12817,imaintourmode6
3,Walk-Transit,imain,2117,imaintourmode6
4,Walk-Transit,imain,74710,imaintourmode6
5,Walk-Transit,imain,0,imaintourmode6
6,Walk-Transit,imain,27338,imaintourmode6
7,Walk-Transit,imain,0,imaintourmode6
8,Walk-Transit,imain,0,imaintourmode6
9,Walk-Transit,imain,0,imaintourmode6
10,Walk-Transit,imain,816,imaintourmode6
10,Walk-Transit,imain,87,imaintourmode6
10,Walk-Transit,imain,0,imaintourmode6
1,PNR-Transit,imain,0,imaintourmode7
2,PNR-Transit,imain,0,imaintourmode7
3,PNR-Transit,imain,0,imaintourmode7
4,PNR-Transit,imain,0,imaintourmode7
5,PNR-Transit,imain,0,imaintourmode7
6,PNR-Transit,imain,0,imaintourmode7
7,PNR-Transit,imain,763,imaintourmode7
8,PNR-Transit,imain,0,imaintourmode7
9,PNR-Transit,imain,0,imaintourmode7
10,PNR-Transit,imain,0,imaintourmode7
10,PNR-Transit,imain,39,imaintourmode7
10,PNR-Transit,imain,0,imaintourmode7
1,KNR-Transit,imain,0,imaintourmode8
2,KNR-Transit,imain,0,imaintourmode8
3,KNR-Transit,imain,0,imaintourmode8
4,KNR-Transit,imain,0,imaintourmode8
5,KNR-Transit,imain,0,imaintourmode8
6,KNR-Transit,imain,0,imaintourmode8
7,KNR-Transit,imain,0,imaintourmode8
8,KNR-Transit,imain,957,imaintourmode8
9,KNR-Transit,imain,0,imaintourmode8
10,KNR-Transit,imain,0,imaintourmode8
10,KNR-Transit,imain,0,imaintourmode8
10,KNR-Transit,imain,0,imaintourmode8
1,School Bus,imain,0,imaintourmode9
2,School Bus,imain,0,imaintourmode9
3,School Bus,imain,0,imaintourmode9
4,School Bus,imain,0,imaintourmode9
5,School Bus,imain,0,imaintourmode9
6,School Bus,imain,0,imaintourmode9
7,School Bus,imain,0,imaintourmode9
8,School Bus,imain,0,imaintourmode9
9,School Bus,imain,0,imaintourmode9
10,School Bus,imain,0,imaintourmode9
10,School Bus,imain,0,imaintourmode9
10,School Bus,imain,0,imaintourmode9
1,Ride Hail,imain,0,imaintourmode10
2,Ride Hail,imain,1879,imaintourmode10
3,Ride Hail,imain,290,imaintourmode10
4,Ride Hail,imain,13072,imaintourmode10
5,Ride Hail,imain,0,imaintourmode10
6,Ride Hail,imain,0,imaintourmode10
7,Ride Hail,imain,0,imaintourmode10
8,Ride Hail,imain,0,imaintourmode10
9,Ride Hail,imain,0,imaintourmode10
10,Ride Hail,imain,12578,imaintourmode10
10,Ride Hail,imain,246,imaintourmode10
10,Ride Hail,imain,306,imaintourmode10
1,Total,imain,2953550,imainTotal
2,Total,imain,1301594,imainTotal
3,Total,imain,703105,imainTotal
4,Total,imain,330638,imainTotal
5,Total,imain,44981,imainTotal
6,Total,imain,27338,imainTotal
7,Total,imain,763,imainTotal
8,Total,imain,957,imainTotal
9,Total,imain,0,imainTotal
10,Total,imain,13394,imainTotal
10,Total,imain,372,imainTotal
10,Total,imain,306,imainTotal
1,Auto SOV,idisc,1274622,idisctourmode1
2,Auto SOV,idisc,0,idisctourmode1
3,Auto SOV,idisc,0,idisctourmode1
4,Auto SOV,idisc,19835,idisctourmode1
5,Auto SOV,idisc,0,idisctourmode1
6,Auto SOV,idisc,0,idisctourmode1
7,Auto SOV,idisc,0,idisctourmode1
8,Auto SOV,idisc,0,idisctourmode1
9,Auto SOV,idisc,0,idisctourmode1
10,Auto SOV,idisc,0,idisctourmode1
10,Auto SOV,idisc,0,idisctourmode1
10,Auto SOV,idisc,0,idisctourmode1
1,Auto 2 Person,idisc,132988,idisctourmode2
2,Auto 2 Person,idisc,501816,idisctourmode2
3,Auto 2 Person,idisc,0,idisctourmode2
4,Auto 2 Person,idisc,17605,idisctourmode2
5,Auto 2 Person,idisc,0,idisctourmode2
6,Auto 2 Person,idisc,0,idisctourmode2
7,Auto 2 Person,idisc,0,idisctourmode2
8,Auto 2 Person,idisc,0,idisctourmode2
9,Auto 2 Person,idisc,0,idisctourmode2
10,Auto 2 Person,idisc,0,idisctourmode2
10,Auto 2 Person,idisc,0,idisctourmode2
10,Auto 2 Person,idisc,0,idisctourmode2
1,Auto 3+ Person,idisc,46884,idisctourmode3
2,Auto 3+ Person,idisc,117819,idisctourmode3
3,Auto 3+ Person,idisc,396237,idisctourmode3
4,Auto 3+ Person,idisc,19488,idisctourmode3
5,Auto 3+ Person,idisc,0,idisctourmode3
6,Auto 3+ Person,idisc,0,idisctourmode3
7,Auto 3+ Person,idisc,0,idisctourmode3
8,Auto 3+ Person,idisc,0,idisctourmode3
9,Auto 3+ Person,idisc,0,idisctourmode3
10,Auto 3+ Person,idisc,0,idisctourmode3
10,Auto 3+ Person,idisc,0,idisctourmode3
10,Auto 3+ Person,idisc,0,idisctourmode3
1,Walk,idisc,0,idisctourmode4
2,Walk,idisc,0,idisctourmode4
3,Walk,idisc,0,idisctourmode4
4,Walk,idisc,318486,idisctourmode4
5,Walk,idisc,0,idisctourmode4
6,Walk,idisc,0,idisctourmode4
7,Walk,idisc,0,idisctourmode4
8,Walk,idisc,0,idisctourmode4
9,Walk,idisc,0,idisctourmode4
10,Walk,idisc,0,idisctourmode4
10,Walk,idisc,0,idisctourmode4
10,Walk,idisc,0,idisctourmode4
1,Bike/Moped,idisc,0,idisctourmode5
2,Bike/Moped,idisc,0,idisctourmode5
3,Bike/Moped,idisc,0,idisctourmode5
4,Bike/Moped,idisc,0,idisctourmode5
5,Bike/Moped,idisc,52038,idisctourmode5
6,Bike/Moped,idisc,0,idisctourmode5
7,Bike/Moped,idisc,0,idisctourmode5
8,Bike/Moped,idisc,0,idisctourmode5
9,Bike/Moped,idisc,0,idisctourmode5
10,Bike/Moped,idisc,0,idisctourmode5
10,Bike/Moped,idisc,0,idisctourmode5
10,Bike/Moped,idisc,0,idisctourmode5
1,Walk-Transit,idisc,0,idisctourmode6
2,Walk-Transit,idisc,4840,idisctourmode6
3,Walk-Transit,idisc,2420,idisctourmode6
4,Walk-Transit,idisc,60779,idisctourmode6
5,Walk-Transit,idisc,0,idisctourmode6
6,Walk-Transit,idisc,13678,idisctourmode6
7,Walk-Transit,idisc,0,idisctourmode6
8,Walk-Transit,idisc,0,idisctourmode6
9,Walk-Transit,idisc,0,idisctourmode6
10,Walk-Transit,idisc,608,idisctourmode6
10,Walk-Transit,idisc,0,idisctourmode6
10,Walk-Transit,idisc,0,idisctourmode6
1,PNR-Transit,idisc,0,idisctourmode7
2,PNR-Transit,idisc,0,idisctourmode7
3,PNR-Transit,idisc,0,idisctourmode7
4,PNR-Transit,idisc,0,idisctourmode7
5,PNR-Transit,idisc,0,idisctourmode7
6,PNR-Transit,idisc,0,idisctourmode7
7,PNR-Transit,idisc,518,idisctourmode7
8,PNR-Transit,idisc,0,idisctourmode7
9,PNR-Transit,idisc,0,idisctourmode7
10,PNR-Transit,idisc,0,idisctourmode7
10,PNR-Transit,idisc,0,idisctourmode7
10,PNR-Transit,idisc,0,idisctourmode7
1,KNR-Transit,idisc,0,idisctourmode8
2,KNR-Transit,idisc,0,idisctourmode8
3,KNR-Transit,idisc,0,idisctourmode8
4,KNR-Transit,idisc,0,idisctourmode8
5,KNR-Transit,idisc,0,idisctourmode8
6,KNR-Transit,idisc,0,idisctourmode8
7,KNR-Transit,idisc,0,idisctourmode8
8,KNR-Transit,idisc,535,idisctourmode8
9,KNR-Transit,idisc,0,idisctourmode8
10,KNR-Transit,idisc,16,idisctourmode8
10,KNR-Transit,idisc,0,idisctourmode8
10,KNR-Transit,idisc,0,idisctourmode8
1,School Bus,idisc,0,idisctourmode9
2,School Bus,idisc,0,idisctourmode9
3,School Bus,idisc,0,idisctourmode9
4,School Bus,idisc,0,idisctourmode9
5,School Bus,idisc,0,idisctourmode9
6,School Bus,idisc,0,idisctourmode9
7,School Bus,idisc,0,idisctourmode9
8,School Bus,idisc,0,idisctourmode9
9,School Bus,idisc,0,idisctourmode9
10,School Bus,idisc,0,idisctourmode9
10,School Bus,idisc,0,idisctourmode9
10,School Bus,idisc,0,idisctourmode9
1,Ride Hail,idisc,0,idisctourmode10
2,Ride Hail,idisc,4306,idisctourmode10
3,Ride Hail,idisc,9041,idisctourmode10
4,Ride Hail,idisc,19778,idisctourmode10
5,Ride Hail,idisc,0,idisctourmode10
6,Ride Hail,idisc,0,idisctourmode10
7,Ride Hail,idisc,0,idisctourmode10
8,Ride Hail,idisc,0,idisctourmode10
9,Ride Hail,idisc,0,idisctourmode10
10,Ride Hail,idisc,21258,idisctourmode10
10,Ride Hail,idisc,1809,idisctourmode10
10,Ride Hail,idisc,56,idisctourmode10
1,Total,idisc,1454494,idiscTotal
2,Total,idisc,628781,idiscTotal
3,Total,idisc,407698,idiscTotal
4,Total,idisc,455971,idiscTotal
5,Total,idisc,52038,idiscTotal
6,Total,idisc,13678,idiscTotal
7,Total,idisc,518,idiscTotal
8,Total,idisc,535,idiscTotal
9,Total,idisc,0,idiscTotal
10,Total,idisc,21882,idiscTotal
10,Total,idisc,1809,idiscTotal
10,Total,idisc,56,idiscTotal
1,Auto SOV,jdisc,0,jdisctourmode1
2,Auto SOV,jdisc,0,jdisctourmode1
3,Auto SOV,jdisc,0,jdisctourmode1
4,Auto SOV,jdisc,0,jdisctourmode1
5,Auto SOV,jdisc,0,jdisctourmode1
6,Auto SOV,jdisc,0,jdisctourmode1
7,Auto SOV,jdisc,0,jdisctourmode1
8,Auto SOV,jdisc,0,jdisctourmode1
9,Auto SOV,jdisc,0,jdisctourmode1
10,Auto SOV,jdisc,0,jdisctourmode1
10,Auto SOV,jdisc,0,jdisctourmode1
10,Auto SOV,jdisc,0,jdisctourmode1
1,Auto 2 Person,jdisc,0,jdisctourmode2
2,Auto 2 Person,jdisc,1075060,jdisctourmode2
3,Auto 2 Person,jdisc,0,jdisctourmode2
4,Auto 2 Person,jdisc,6426,jdisctourmode2
5,Auto 2 Person,jdisc,0,jdisctourmode2
6,Auto 2 Person,jdisc,0,jdisctourmode2
7,Auto 2 Person,jdisc,0,jdisctourmode2
8,Auto 2 Person,jdisc,0,jdisctourmode2
9,Auto 2 Person,jdisc,0,jdisctourmode2
10,Auto 2 Person,jdisc,0,jdisctourmode2
10,Auto 2 Person,jdisc,0,jdisctourmode2
10,Auto 2 Person,jdisc,0,jdisctourmode2
1,Auto 3+ Person,jdisc,0,jdisctourmode3
2,Auto 3+ Person,jdisc,31710,jdisctourmode3
3,Auto 3+ Person,jdisc,698583.2115,jdisctourmode3
4,Auto 3+ Person,jdisc,9001.591398,jdisctourmode3
5,Auto 3+ Person,jdisc,0,jdisctourmode3
6,Auto 3+ Person,jdisc,0,jdisctourmode3
7,Auto 3+ Person,jdisc,0,jdisctourmode3
8,Auto 3+ Person,jdisc,0,jdisctourmode3
9,Auto 3+ Person,jdisc,0,jdisctourmode3
10,Auto 3+ Person,jdisc,0,jdisctourmode3
10,Auto 3+ Person,jdisc,0,jdisctourmode3
10,Auto 3+ Person,jdisc,0,jdisctourmode3
1,Walk,jdisc,0,jdisctourmode4
2,Walk,jdisc,0,jdisctourmode4
3,Walk,jdisc,0,jdisctourmode4
4,Walk,jdisc,123866.3913,jdisctourmode4
5,Walk,jdisc,0,jdisctourmode4
6,Walk,jdisc,0,jdisctourmode4
7,Walk,jdisc,0,jdisctourmode4
8,Walk,jdisc,0,jdisctourmode4
9,Walk,jdisc,0,jdisctourmode4
10,Walk,jdisc,0,jdisctourmode4
10,Walk,jdisc,0,jdisctourmode4
10,Walk,jdisc,0,jdisctourmode4
1,Bike/Moped,jdisc,0,jdisctourmode5
2,Bike/Moped,jdisc,0,jdisctourmode5
3,Bike/Moped,jdisc,0,jdisctourmode5
4,Bike/Moped,jdisc,0,jdisctourmode5
5,Bike/Moped,jdisc,19284.41704,jdisctourmode5
6,Bike/Moped,jdisc,0,jdisctourmode5
7,Bike/Moped,jdisc,0,jdisctourmode5
8,Bike/Moped,jdisc,0,jdisctourmode5
9,Bike/Moped,jdisc,0,jdisctourmode5
10,Bike/Moped,jdisc,0,jdisctourmode5
10,Bike/Moped,jdisc,0,jdisctourmode5
10,Bike/Moped,jdisc,0,jdisctourmode5
1,Walk-Transit,jdisc,0,jdisctourmode6
2,Walk-Transit,jdisc,5110,jdisctourmode6
3,Walk-Transit,jdisc,8043.878327,jdisctourmode6
4,Walk-Transit,jdisc,22719.93525,jdisctourmode6
5,Walk-Transit,jdisc,0,jdisctourmode6
6,Walk-Transit,jdisc,3083.771574,jdisctourmode6
7,Walk-Transit,jdisc,0,jdisctourmode6
8,Walk-Transit,jdisc,0,jdisctourmode6
9,Walk-Transit,jdisc,0,jdisctourmode6
10,Walk-Transit,jdisc,0,jdisctourmode6
10,Walk-Transit,jdisc,0,jdisctourmode6
10,Walk-Transit,jdisc,0,jdisctourmode6
1,PNR-Transit,jdisc,0,jdisctourmode7
2,PNR-Transit,jdisc,0,jdisctourmode7
3,PNR-Transit,jdisc,0,jdisctourmode7
4,PNR-Transit,jdisc,0,jdisctourmode7
5,PNR-Transit,jdisc,0,jdisctourmode7
6,PNR-Transit,jdisc,0,jdisctourmode7
7,PNR-Transit,jdisc,140.4666667,jdisctourmode7
8,PNR-Transit,jdisc,0,jdisctourmode7
9,PNR-Transit,jdisc,0,jdisctourmode7
10,PNR-Transit,jdisc,0,jdisctourmode7
10,PNR-Transit,jdisc,0,jdisctourmode7
10,PNR-Transit,jdisc,0,jdisctourmode7
1,KNR-Transit,jdisc,0,jdisctourmode8
2,KNR-Transit,jdisc,0,jdisctourmode8
3,KNR-Transit,jdisc,0,jdisctourmode8
4,KNR-Transit,jdisc,0,jdisctourmode8
5,KNR-Transit,jdisc,0,jdisctourmode8
6,KNR-Transit,jdisc,0,jdisctourmode8
7,KNR-Transit,jdisc,0,jdisctourmode8
8,KNR-Transit,jdisc,165.75,jdisctourmode8
9,KNR-Transit,jdisc,0,jdisctourmode8
10,KNR-Transit,jdisc,0,jdisctourmode8
10,KNR-Transit,jdisc,0,jdisctourmode8
10,KNR-Transit,jdisc,0,jdisctourmode8
1,School Bus,jdisc,0,jdisctourmode9
2,School Bus,jdisc,0,jdisctourmode9
3,School Bus,jdisc,0,jdisctourmode9
4,School Bus,jdisc,0,jdisctourmode9
5,School Bus,jdisc,0,jdisctourmode9
6,School Bus,jdisc,0,jdisctourmode9
7,School Bus,jdisc,0,jdisctourmode9
8,School Bus,jdisc,0,jdisctourmode9
9,School Bus,jdisc,0,jdisctourmode9
10,School Bus,jdisc,0,jdisctourmode9
10,School Bus,jdisc,0,jdisctourmode9
10,School Bus,jdisc,0,jdisctourmode9
1,Ride Hail,jdisc,0,jdisctourmode10
2,Ride Hail,jdisc,4518,jdisctourmode10
3,Ride Hail,jdisc,6650.2,jdisctourmode10
4,Ride Hail,jdisc,13821.4918,jdisctourmode10
5,Ride Hail,jdisc,0,jdisctourmode10
6,Ride Hail,jdisc,0,jdisctourmode10
7,Ride Hail,jdisc,0,jdisctourmode10
8,Ride Hail,jdisc,0,jdisctourmode10
9,Ride Hail,jdisc,0,jdisctourmode10
10,Ride Hail,jdisc,13962.66667,jdisctourmode10
10,Ride Hail,jdisc,624,jdisctourmode10
10,Ride Hail,jdisc,0,jdisctourmode10
1,Total,jdisc,0,jdiscTotal
2,Total,jdisc,1116398,jdiscTotal
3,Total,jdisc,713277.2898,jdiscTotal
4,Total,jdisc,175835.4097,jdiscTotal
5,Total,jdisc,19284.41704,jdiscTotal
6,Total,jdisc,3083.771574,jdiscTotal
7,Total,jdisc,140.4666667,jdiscTotal
8,Total,jdisc,165.75,jdiscTotal
9,Total,jdisc,0,jdiscTotal
10,Total,jdisc,13962.66667,jdiscTotal
10,Total,jdisc,624,jdiscTotal
10,Total,jdisc,0,jdiscTotal
1,Auto SOV,jmain,0,jmaintourmode1
2,Auto SOV,jmain,0,jmaintourmode1
3,Auto SOV,jmain,0,jmaintourmode1
4,Auto SOV,jmain,0,jmaintourmode1
5,Auto SOV,jmain,0,jmaintourmode1
6,Auto SOV,jmain,0,jmaintourmode1
7,Auto SOV,jmain,0,jmaintourmode1
8,Auto SOV,jmain,0,jmaintourmode1
9,Auto SOV,jmain,0,jmaintourmode1
10,Auto SOV,jmain,0,jmaintourmode1
10,Auto SOV,jmain,0,jmaintourmode1
10,Auto SOV,jmain,0,jmaintourmode1
1,Auto 2 Person,jmain,0,jmaintourmode2
2,Auto 2 Person,jmain,1075060,jmaintourmode2
3,Auto 2 Person,jmain,0,jmaintourmode2
4,Auto 2 Person,jmain,6426,jmaintourmode2
5,Auto 2 Person,jmain,0,jmaintourmode2
6,Auto 2 Person,jmain,0,jmaintourmode2
7,Auto 2 Person,jmain,0,jmaintourmode2
8,Auto 2 Person,jmain,0,jmaintourmode2
9,Auto 2 Person,jmain,0,jmaintourmode2
10,Auto 2 Person,jmain,0,jmaintourmode2
10,Auto 2 Person,jmain,0,jmaintourmode2
10,Auto 2 Person,jmain,0,jmaintourmode2
1,Auto 3+ Person,jmain,0,jmaintourmode3
2,Auto 3+ Person,jmain,31710,jmaintourmode3
3,Auto 3+ Person,jmain,698583.2115,jmaintourmode3
4,Auto 3+ Person,jmain,9001.591398,jmaintourmode3
5,Auto 3+ Person,jmain,0,jmaintourmode3
6,Auto 3+ Person,jmain,0,jmaintourmode3
7,Auto 3+ Person,jmain,0,jmaintourmode3
8,Auto 3+ Person,jmain,0,jmaintourmode3
9,Auto 3+ Person,jmain,0,jmaintourmode3
10,Auto 3+ Person,jmain,0,jmaintourmode3
10,Auto 3+ Person,jmain,0,jmaintourmode3
10,Auto 3+ Person,jmain,0,jmaintourmode3
1,Walk,jmain,0,jmaintourmode4
2,Walk,jmain,0,jmaintourmode4
3,Walk,jmain,0,jmaintourmode4
4,Walk,jmain,123866.3913,jmaintourmode4
5,Walk,jmain,0,jmaintourmode4
6,Walk,jmain,0,jmaintourmode4
7,Walk,jmain,0,jmaintourmode4
8,Walk,jmain,0,jmaintourmode4
9,Walk,jmain,0,jmaintourmode4
10,Walk,jmain,0,jmaintourmode4
10,Walk,jmain,0,jmaintourmode4
10,Walk,jmain,0,jmaintourmode4
1,Bike/Moped,jmain,0,jmaintourmode5
2,Bike/Moped,jmain,0,jmaintourmode5
3,Bike/Moped,jmain,0,jmaintourmode5
4,Bike/Moped,jmain,0,jmaintourmode5
5,Bike/Moped,jmain,19284.41704,jmaintourmode5
6,Bike/Moped,jmain,0,jmaintourmode5
7,Bike/Moped,jmain,0,jmaintourmode5
8,Bike/Moped,jmain,0,jmaintourmode5
9,Bike/Moped,jmain,0,jmaintourmode5
10,Bike/Moped,jmain,0,jmaintourmode5
10,Bike/Moped,jmain,0,jmaintourmode5
10,Bike/Moped,jmain,0,jmaintourmode5
1,Walk-Transit,jmain,0,jmaintourmode6
2,Walk-Transit,jmain,5110,jmaintourmode6
3,Walk-Transit,jmain,8043.878327,jmaintourmode6
4,Walk-Transit,jmain,22719.93525,jmaintourmode6
5,Walk-Transit,jmain,0,jmaintourmode6
6,Walk-Transit,jmain,3083.771574,jmaintourmode6
7,Walk-Transit,jmain,0,jmaintourmode6
8,Walk-Transit,jmain,0,jmaintourmode6
9,Walk-Transit,jmain,0,jmaintourmode6
10,Walk-Transit,jmain,0,jmaintourmode6
10,Walk-Transit,jmain,0,jmaintourmode6
10,Walk-Transit,jmain,0,jmaintourmode6
1,PNR-Transit,jmain,0,jmaintourmode7
2,PNR-Transit,jmain,0,jmaintourmode7
3,PNR-Transit,jmain,0,jmaintourmode7
4,PNR-Transit,jmain,0,jmaintourmode7
5,PNR-Transit,jmain,0,jmaintourmode7
6,PNR-Transit,jmain,0,jmaintourmode7
7,PNR-Transit,jmain,140.4666667,jmaintourmode7
8,PNR-Transit,jmain,0,jmaintourmode7
9,PNR-Transit,jmain,0,jmaintourmode7
10,PNR-Transit,jmain,0,jmaintourmode7
10,PNR-Transit,jmain,0,jmaintourmode7
10,PNR-Transit,jmain,0,jmaintourmode7
1,KNR-Transit,jmain,0,jmaintourmode8
2,KNR-Transit,jmain,0,jmaintourmode8
3,KNR-Transit,jmain,0,jmaintourmode8
4,KNR-Transit,jmain,0,jmaintourmode8
5,KNR-Transit,jmain,0,jmaintourmode8
6,KNR-Transit,jmain,0,jmaintourmode8
7,KNR-Transit,jmain,0,jmaintourmode8
8,KNR-Transit,jmain,165.75,jmaintourmode8
9,KNR-Transit,jmain,0,jmaintourmode8
10,KNR-Transit,jmain,0,jmaintourmode8
10,KNR-Transit,jmain,0,jmaintourmode8
10,KNR-Transit,jmain,0,jmaintourmode8
1,School Bus,jmain,0,jmaintourmode9
2,School Bus,jmain,0,jmaintourmode9
3,School Bus,jmain,0,jmaintourmode9
4,School Bus,jmain,0,jmaintourmode9
5,School Bus,jmain,0,jmaintourmode9
6,School Bus,jmain,0,jmaintourmode9
7,School Bus,jmain,0,jmaintourmode9
8,School Bus,jmain,0,jmaintourmode9
9,School Bus,jmain,0,jmaintourmode9
10,School Bus,jmain,0,jmaintourmode9
10,School Bus,jmain,0,jmaintourmode9
10,School Bus,jmain,0,jmaintourmode9
1,Ride Hail,jmain,0,jmaintourmode10
2,Ride Hail,jmain,4518,jmaintourmode10
3,Ride Hail,jmain,6650.2,jmaintourmode10
4,Ride Hail,jmain,13821.4918,jmaintourmode10
5,Ride Hail,jmain,0,jmaintourmode10
6,Ride Hail,jmain,0,jmaintourmode10
7,Ride Hail,jmain,0,jmaintourmode10
8,Ride Hail,jmain,0,jmaintourmode10
9,Ride Hail,jmain,0,jmaintourmode10
10,Ride Hail,jmain,13962.66667,jmaintourmode10
10,Ride Hail,jmain,624,jmaintourmode10
10,Ride Hail,jmain,0,jmaintourmode10
1,Total,jmain,0,jmainTotal
2,Total,jmain,1116398,jmainTotal
3,Total,jmain,713277.2898,jmainTotal
4,Total,jmain,175835.4097,jmainTotal
5,Total,jmain,19284.41704,jmainTotal
6,Total,jmain,3083.771574,jmainTotal
7,Total,jmain,140.4666667,jmainTotal
8,Total,jmain,165.75,jmainTotal
9,Total,jmain,0,jmainTotal
10,Total,jmain,13962.66667,jmainTotal
10,Total,jmain,624,jmainTotal
10,Total,jmain,0,jmainTotal
1,Auto SOV,total,7107804,totaltourmode1
2,Auto SOV,total,0,totaltourmode1
3,Auto SOV,total,0,totaltourmode1
4,Auto SOV,total,69539,totaltourmode1
5,Auto SOV,total,0,totaltourmode1
6,Auto SOV,total,0,totaltourmode1
7,Auto SOV,total,0,totaltourmode1
8,Auto SOV,total,0,totaltourmode1
9,Auto SOV,total,0,totaltourmode1
10,Auto SOV,total,0,totaltourmode1
10,Auto SOV,total,0,totaltourmode1
10,Auto SOV,total,0,totaltourmode1
1,Auto 2 Person,total,954990,totaltourmode2
2,Auto 2 Person,total,3772282,totaltourmode2
3,Auto 2 Person,total,0,totaltourmode2
4,Auto 2 Person,total,75244,totaltourmode2
5,Auto 2 Person,total,0,totaltourmode2
6,Auto 2 Person,total,0,totaltourmode2
7,Auto 2 Person,total,0,totaltourmode2
8,Auto 2 Person,total,0,totaltourmode2
9,Auto 2 Person,total,0,totaltourmode2
10,Auto 2 Person,total,0,totaltourmode2
10,Auto 2 Person,total,0,totaltourmode2
10,Auto 2 Person,total,0,totaltourmode2
1,Auto 3+ Person,total,344726,totaltourmode3
2,Auto 3+ Person,total,777445,totaltourmode3
3,Auto 3+ Person,total,2915384.211,totaltourmode3
4,Auto 3+ Person,total,77740.5914,totaltourmode3
5,Auto 3+ Person,total,0,totaltourmode3
6,Auto 3+ Person,total,0,totaltourmode3
7,Auto 3+ Person,total,0,totaltourmode3
8,Auto 3+ Person,total,0,totaltourmode3
9,Auto 3+ Person,total,0,totaltourmode3
10,Auto 3+ Person,total,0,totaltourmode3
10,Auto 3+ Person,total,0,totaltourmode3
10,Auto 3+ Person,total,0,totaltourmode3
1,Walk,total,0,totaltourmode4
2,Walk,total,0,totaltourmode4
3,Walk,total,0,totaltourmode4
4,Walk,total,957952.3913,totaltourmode4
5,Walk,total,0,totaltourmode4
6,Walk,total,0,totaltourmode4
7,Walk,total,0,totaltourmode4
8,Walk,total,0,totaltourmode4
9,Walk,total,0,totaltourmode4
10,Walk,total,0,totaltourmode4
10,Walk,total,0,totaltourmode4
10,Walk,total,0,totaltourmode4
1,Bike/Moped,total,0,totaltourmode5
2,Bike/Moped,total,0,totaltourmode5
3,Bike/Moped,total,0,totaltourmode5
4,Bike/Moped,total,0,totaltourmode5
5,Bike/Moped,total,206627.417,totaltourmode5
6,Bike/Moped,total,0,totaltourmode5
7,Bike/Moped,total,0,totaltourmode5
8,Bike/Moped,total,0,totaltourmode5
9,Bike/Moped,total,0,totaltourmode5
10,Bike/Moped,total,0,totaltourmode5
10,Bike/Moped,total,0,totaltourmode5
10,Bike/Moped,total,0,totaltourmode5
1,Walk-Transit,total,0,totaltourmode6
2,Walk-Transit,total,58711,totaltourmode6
3,Walk-Transit,total,46651.87833,totaltourmode6
4,Walk-Transit,total,371410.9353,totaltourmode6
5,Walk-Transit,total,0,totaltourmode6
6,Walk-Transit,total,122536.7716,totaltourmode6
7,Walk-Transit,total,0,totaltourmode6
8,Walk-Transit,total,0,totaltourmode6
9,Walk-Transit,total,0,totaltourmode6
10,Walk-Transit,total,3395,totaltourmode6
10,Walk-Transit,total,1052,totaltourmode6
10,Walk-Transit,total,0,totaltourmode6
1,PNR-Transit,total,0,totaltourmode7
2,PNR-Transit,total,0,totaltourmode7
3,PNR-Transit,total,0,totaltourmode7
4,PNR-Transit,total,0,totaltourmode7
5,PNR-Transit,total,0,totaltourmode7
6,PNR-Transit,total,0,totaltourmode7
7,PNR-Transit,total,13655.46667,totaltourmode7
8,PNR-Transit,total,0,totaltourmode7
9,PNR-Transit,total,0,totaltourmode7
10,PNR-Transit,total,96,totaltourmode7
10,PNR-Transit,total,87,totaltourmode7
10,PNR-Transit,total,0,totaltourmode7
1,KNR-Transit,total,0,totaltourmode8
2,KNR-Transit,total,0,totaltourmode8
3,KNR-Transit,total,0,totaltourmode8
4,KNR-Transit,total,0,totaltourmode8
5,KNR-Transit,total,0,totaltourmode8
6,KNR-Transit,total,0,totaltourmode8
7,KNR-Transit,total,0,totaltourmode8
8,KNR-Transit,total,4400.75,totaltourmode8
9,KNR-Transit,total,0,totaltourmode8
10,KNR-Transit,total,16,totaltourmode8
10,KNR-Transit,total,0,totaltourmode8
10,KNR-Transit,total,0,totaltourmode8
1,School Bus,total,0,totaltourmode9
2,School Bus,total,123375,totaltourmode9
3,School Bus,total,136015,totaltourmode9
4,School Bus,total,34266,totaltourmode9
5,School Bus,total,0,totaltourmode9
6,School Bus,total,0,totaltourmode9
7,School Bus,total,0,totaltourmode9
8,School Bus,total,0,totaltourmode9
9,School Bus,total,623563,totaltourmode9
10,School Bus,total,0,totaltourmode9
10,School Bus,total,0,totaltourmode9
10,School Bus,total,0,totaltourmode9
1,Ride Hail,total,0,totaltourmode10
2,Ride Hail,total,12018,totaltourmode10
3,Ride Hail,total,23088.2,totaltourmode10
4,Ride Hail,total,49936.4918,totaltourmode10
5,Ride Hail,total,0,totaltourmode10
6,Ride Hail,total,0,totaltourmode10
7,Ride Hail,total,0,totaltourmode10
8,Ride Hail,total,0,totaltourmode10
9,Ride Hail,total,0,totaltourmode10
10,Ride Hail,total,61074.66667,totaltourmode10
1,Total,total,8407520,totalTotal
2,Total,total,4743831,totalTotal
3,Total,total,3121139.29,totalTotal
4,Total,total,1636089.41,totalTotal
5,Total,total,206627.417,totalTotal
6,Total,total,122536.7716,totalTotal
7,Total,total,13655.46667,totalTotal
8,Total,total,4400.75,totalTotal
9,Total,total,623563,totalTotal
10,Total,total,59814.66667,totalTotal
10,Total,total,5464,totalTotal
10,Total,total,442,totalTotal
