tag,num_rows,rss,uss,bytes,uss_row_size,hybrid_uss_row_size,bytes_row_size
atwork_subtour_frequency.simple_simulate,1497101,342913024,339849216,347327432,228,232,232
atwork_subtour_mode_choice.simple_simulate,357931,2255646720,840314880,901986120,2348,2520,2520
atwork_subtour_scheduling.tour_1,354139,239773868032,248095027200,120349626180,700559,700559,339838
atwork_subtour_scheduling.tour_n,3792,334970880,341164032,685814166,89970,180859,180859
auto_ownership_simulate.simple_simulate,1938208,522969088,493219840,387641600,255,255,200
cdap.cdap,1938208,12394586112,13165457408,7223352456,6793,6793,3727
compute_accessibility,28637,18865545216,10014171136,10414990473,349694,363690,363690
free_parking.simple_simulate,2262819,104521728,98574336,144820416,44,64,64
joint_tour_composition.simple_simulate,303641,32968704,32759808,60728200,108,200,200
joint_tour_frequency.simple_simulate,1148522,1115213824,1115189248,854500368,971,971,744
joint_tour_participation,254238,1673580544,1671983104,440508200,6577,6577,1733
joint_tour_scheduling.vectorize_joint_tour_scheduling.tour_1,254238,198479482880,198645035008,192780222504,781335,781335,758267
joint_tour_scheduling.vectorize_joint_tour_scheduling.tour_n,49403,28591915008,29313900544,22557513476,593363,593363,456603
mandatory_tour_frequency.simple_simulate,2415988,2145562624,2137980928,2126069440,885,885,880
mandatory_tour_scheduling.vectorize_tour_scheduling.tour_1.school,822249,595958145024,616013574144,407302689355,749182,749182,495353
mandatory_tour_scheduling.vectorize_tour_scheduling.tour_1.univ,143366,100078837760,96480763904,71016552690,672969,672969,495352
mandatory_tour_scheduling.vectorize_tour_scheduling.tour_1.work,1450373,1745899765760,1079471005696,718437050015,744272,744272,495347
mandatory_tour_scheduling.vectorize_tour_scheduling.tour_n.school,20096,3065356288,3033870336,2781581375,150969,150969,138415
mandatory_tour_scheduling.vectorize_tour_scheduling.tour_n.univ,23558,7339036672,7252811776,5259720857,307871,307871,223267
mandatory_tour_scheduling.vectorize_tour_scheduling.tour_n.work,46728,21240176640,22467719168,7104579562,480820,480820,152042
non_mandatory_tour_frequency.PTYPE_DRIVING.interaction_simulate,121208,13154267136,13154287616,13265003520,108527,109440,109440
non_mandatory_tour_frequency.PTYPE_FULL.interaction_simulate,1552882,222039707648,231386329088,169947406080,149005,149005,109440
non_mandatory_tour_frequency.PTYPE_NONWORK.interaction_simulate,552670,60338819072,60363857920,60484204800,109223,109440,109440
non_mandatory_tour_frequency.PTYPE_PART.interaction_simulate,314576,34298126336,34297958400,34427197440,109030,109440,109440
non_mandatory_tour_frequency.PTYPE_PRESCHOOL.interaction_simulate,246582,27320397824,27309400064,26985934080,110752,110752,109440
non_mandatory_tour_frequency.PTYPE_RETIRED.interaction_simulate,507401,55247499264,55244595200,55529965440,108878,109440,109440
non_mandatory_tour_frequency.PTYPE_SCHOOL.interaction_simulate,561874,61232762880,61231226880,61491490560,108977,109440,109440
non_mandatory_tour_frequency.PTYPE_UNIVERSITY.interaction_simulate,194556,21113434112,21112033280,21292208640,108514,109440,109440
non_mandatory_tour_scheduling.vectorize_tour_scheduling.tour_1.eatout,154200,99819261952,97500127232,44302470312,632297,632297,287306
non_mandatory_tour_scheduling.vectorize_tour_scheduling.tour_1.escort,376693,254772060160,263893725184,117206694558,700554,700554,311147
non_mandatory_tour_scheduling.vectorize_tour_scheduling.tour_1.othdiscr,350155,290011721728,282353655808,103068844994,806368,806368,294353
non_mandatory_tour_scheduling.vectorize_tour_scheduling.tour_1.othmaint,272367,257079566336,247317508096,89376740346,908031,908031,328149
non_mandatory_tour_scheduling.vectorize_tour_scheduling.tour_1.shopping,586549,543406452736,548436008960,197244647370,935022,935022,336280
non_mandatory_tour_scheduling.vectorize_tour_scheduling.tour_1.social,101728,47347748864,44746346496,30589156820,439863,439863,300696
non_mandatory_tour_scheduling.vectorize_tour_scheduling.tour_n.eatout,100486,42466775040,44762456064,15672962934,445460,445460,155972
non_mandatory_tour_scheduling.vectorize_tour_scheduling.tour_n.escort,128529,41432281088,46065696768,23618135190,358408,358408,183758
non_mandatory_tour_scheduling.vectorize_tour_scheduling.tour_n.othdiscr,196353,67269832704,70059360256,30693194848,356804,356804,156317
non_mandatory_tour_scheduling.vectorize_tour_scheduling.tour_n.othmaint,129934,43303845888,46592974848,22737549426,358590,358590,174994
non_mandatory_tour_scheduling.vectorize_tour_scheduling.tour_n.shopping,128938,44229148672,51445153792,22790282872,398992,398992,176754
non_mandatory_tour_scheduling.vectorize_tour_scheduling.tour_n.social,83931,34655682560,35646967808,12551090010,424718,424718,149541
school_location.logsums,23010591,316083945472,96730714112,58892468312,4204,4204,2560
school_location.presample,1282179,82696990720,81743958016,76545415788,63754,63754,59700
school_location.simulate,1282179,3579551744,3568435200,2669228556,2784,2784,2082
stop_frequency.atwork.simple_simulate,357931,12152832,12128256,97357232,34,272,272
stop_frequency.eatout.simple_simulate,301614,13537280,13533184,91690656,45,304,304
stop_frequency.escort.simple_simulate,505222,135380992,135348224,137420384,268,272,272
stop_frequency.othdiscr.simple_simulate,622536,169701376,169701376,174310080,273,280,280
stop_frequency.othmaint.simple_simulate,479197,151060480,151048192,164843768,316,344,344
stop_frequency.school.simple_simulate,842345,216571904,216539136,229117840,258,272,272
stop_frequency.shopping.simple_simulate,776330,230940672,229834752,236004320,297,304,304
stop_frequency.social.simple_simulate,228605,7798784,7770112,69495920,34,304,304
stop_frequency.univ.simple_simulate,166924,7770112,7737344,45403328,47,272,272
stop_frequency.work.simple_simulate,1497101,543379456,542482432,550933168,363,368,368
telecommute_frequency.simple_simulate,2262819,332132352,317816832,325845936,141,144,144
tour_destination.logsums,92396798,366172532736,327546789888,228903157008,3546,3546,2478
tour_destination.presample,3271435,937810231296,944523083776,904278115281,288719,288719,276417
tour_destination.simulate,3271435,12780412928,12674428928,11332827058,3875,3875,3465
tour_mode_choice.eatout.simple_simulate,301614,896237568,700354560,745589808,2323,2472,2472
tour_mode_choice.escort.simple_simulate,505222,1235288064,1235288064,1248908784,2446,2472,2472
tour_mode_choice.othdiscr.simple_simulate,622536,1897177088,1533612032,1538908992,2464,2472,2472
tour_mode_choice.othmaint.simple_simulate,479197,1543020544,1170075648,1184574984,2442,2472,2472
tour_mode_choice.school.simple_simulate,842345,2198040576,2198036480,2156403200,2610,2610,2560
tour_mode_choice.shopping.simple_simulate,776330,2027294720,1922088960,1919087760,2476,2476,2472
tour_mode_choice.social.simple_simulate,228605,780050432,522211328,565111560,2285,2472,2472
tour_mode_choice.univ.simple_simulate,166924,388001792,388001792,425990048,2325,2552,2552
tour_mode_choice.work.simple_simulate,1497101,3756617728,3755376640,3700833672,2509,2509,2472
transit_pass_ownership.simple_simulate,4740858,889585664,851685376,834391008,180,180,176
transit_pass_subsidy.simple_simulate,4740858,516870144,480882688,455122368,102,102,96
trip_destination.compute_logsums,266935656,3148635914240,2978121297920,755785717448,11157,11157,2832
trip_destination.presample,4773789,2080594436096,2092286111744,2222280483477,438287,465518,465518
trip_destination.simulate,4773675,21338333184,21177298944,23169715596,4437,4854,4854
trip_mode_choice.atwork.simple_simulate,908330,75532242944,75522101248,2579657200,83144,83144,2840
trip_mode_choice.eatout.simple_simulate,794057,75602268160,75481149440,2242416968,95058,95058,2824
trip_mode_choice.escort.simple_simulate,1315063,76037967872,75929759744,3713737912,57739,57739,2824
trip_mode_choice.othdiscr.simple_simulate,1732169,77467795456,77264502784,4891645256,44606,44606,2824
trip_mode_choice.othmaint.simple_simulate,1498573,77410447360,77246906368,4231970152,51547,51547,2824
trip_mode_choice.school.simple_simulate,2601968,79057809408,79035523072,7410404864,30376,30376,2848
trip_mode_choice.shopping.simple_simulate,2369071,77284409344,77254610944,6690256504,32610,32610,2824
trip_mode_choice.social.simple_simulate,643540,55798026240,55757348864,1817356960,86642,86642,2824
trip_mode_choice.univ.simple_simulate,556618,55142518784,55101853696,1576342176,98995,98995,2832
trip_mode_choice.work.simple_simulate,4149729,97057144832,95759638528,11752876120,23077,23077,2833
trip_purpose,4773685,1369464832,1371111424,1710406886,288,359,359
trip_purpose_and_destination.i1.purpose,36,1314816,606208,10042,16840,16840,279
trip_purpose_and_destination.i2.purpose,17,212992,212992,3254,12529,12529,192
trip_purpose_and_destination.i3.purpose,17,196608,196608,3254,11566,11566,192
trip_purpose_and_destination.i4.purpose,17,204800,204800,3254,12048,12048,192
trip_purpose_and_destination.i5.purpose,17,200704,200704,3254,11807,11807,192
trip_scheduling,5777805,7624069120,7630520320,1964472616,1321,1321,341
work_from_home.simple_simulate,2262819,404357120,381423616,307743384,169,169,136
workplace_location.logsums,66383168,324607737856,187754700800,164099191296,2829,2829,2472
workplace_location.presample,2262819,588800065536,606300856320,539897299305,267941,267941,238595
workplace_location.simulate,2262819,9102725120,8981696512,7235765312,3970,3970,3198
