"ID","Area","COUNTY","EXTERNAL","DISTRICT","SUPER_DIST_25"
2867,0.206833,8,1,0,
2866,0.499603,8,1,0,
2864,0.596319,8,1,0,
2863,0.609637,8,1,0,
2865,0.289300,8,1,0,
2708,3.369678,8,0,240,14
2785,2.015164,8,0,246,14
2701,0.905903,8,0,239,14
2727,1.379924,8,0,243,14
2730,0.822033,8,0,243,14
2731,0.976824,8,0,243,14
2729,0.769846,8,0,243,14
2716,0.395397,8,0,240,14
2724,2.533061,8,0,243,14
2726,5.013375,8,0,243,14
2722,0.639304,8,0,240,14
2717,0.967547,8,0,240,14
2719,0.374827,8,0,240,14
2718,0.305655,8,0,240,14
2713,0.451509,8,0,240,14
2720,0.525727,8,0,240,14
2715,0.405786,8,0,240,14
2714,1.462304,8,0,240,14
2728,1.187357,8,0,243,14
2734,2.402081,8,0,243,14
2721,0.481321,8,0,240,14
2707,2.776927,8,0,240,14
2768,8.233023,8,0,245,14
2732,2.900506,8,0,243,14
2733,2.652247,8,0,243,14
2709,2.172065,8,0,240,14
2710,1.730425,8,0,240,14
2711,0.999542,8,0,240,14
2772,4.029533,8,0,245,14
2712,5.157687,8,0,240,14
2766,5.252157,8,0,246,14
2769,8.203178,8,0,245,14
2703,2.903216,8,0,240,14
2761,2.240027,8,0,246,14
2762,4.517440,8,0,246,14
2763,7.843342,8,0,246,14
2765,8.798336,8,0,246,14
2764,3.621329,8,0,246,14
2760,4.960684,8,0,246,14
2784,11.166959,8,0,246,14
2781,12.091662,8,0,246,14
2778,3.295753,8,0,246,14
2777,2.027567,8,0,246,14
2779,2.167193,8,0,246,14
2783,2.023600,8,0,246,14
2782,1.942107,8,0,246,14
2774,6.433557,8,0,246,14
2776,6.028531,8,0,246,14
2693,1.490938,8,0,239,14
2706,3.884697,8,0,240,14
2704,6.125425,8,0,240,14
2691,1.557228,8,0,239,14
2705,3.091598,8,0,240,14
2696,2.274838,8,0,239,14
2695,2.949018,8,0,239,14
2689,1.525569,8,0,239,14
2692,1.524869,8,0,239,14
2700,2.072161,8,0,239,14
2697,2.494061,8,0,239,14
2690,2.594441,8,0,239,14
2699,1.329276,8,0,239,14
2702,1.391913,8,0,239,14
2688,9.224860,8,0,239,14
2694,4.102958,8,0,239,14
2862,0.433746,8,1,0,
2861,0.532397,8,1,0,
2800,1.393437,8,0,247,14
2799,0.978785,8,0,247,14
2791,0.192985,8,0,244,14
2758,2.834302,8,0,245,14
2792,2.034672,8,0,245,14
2759,4.109082,8,0,245,14
2755,3.949505,8,0,245,14
2802,4.373521,8,0,247,14
2804,6.333578,8,0,247,14
2756,7.040459,8,0,245,14
2794,5.202024,8,0,245,14
2754,12.211586,8,0,245,14
2751,5.312833,8,0,242,14
2749,7.786449,8,0,242,14
2793,1.588840,8,0,245,14
2795,0.269125,8,0,245,14
2859,0.488624,8,1,0,
2857,0.468899,8,1,0,
2858,0.374544,8,1,0,
2855,0.222386,8,1,0,
2856,0.473265,8,1,0,
2860,0.332689,8,1,0,
2854,0.433100,8,1,0,
2805,8.051087,8,0,247,14
2809,7.058769,8,0,247,14
2806,5.617876,8,0,247,14
2748,7.714460,8,0,242,14
2803,13.067254,8,0,247,14
2801,8.301151,8,0,247,14
2807,9.963638,8,0,247,14
2852,0.406494,8,1,0,
2853,0.386086,8,1,0,
2750,14.569186,8,0,242,14
2752,11.340246,8,0,242,14
2780,10.161274,8,0,242,14
2775,10.349174,8,0,246,14
2808,7.033385,8,0,247,14
2773,14.765019,8,0,246,14
2788,0.891020,8,0,244,14
2811,15.798269,8,0,247,14
2810,22.513855,8,0,247,14
2797,8.790574,8,0,245,14
2796,5.718736,8,0,245,14
2753,13.169680,8,0,242,14
2698,1.470150,8,0,239,14
2798,8.357294,8,0,245,14
2789,0.820797,8,0,244,14
2746,8.705194,8,0,242,14
2744,11.150383,8,0,242,14
2743,1.655700,8,0,242,14
2745,4.304054,8,0,242,14
2742,7.037896,8,0,241,14
2747,9.713370,8,0,242,14
2741,7.386975,8,0,241,14
2740,11.368058,8,0,241,14
2757,6.247850,8,0,245,14
2739,10.167647,8,0,241,14
2725,4.664435,8,0,243,14
2771,4.024358,8,0,245,14
2723,6.103318,8,0,243,14
2736,1.906229,8,0,243,14
2735,0.900000,8,0,243,14
2738,1.434243,8,0,243,14
2767,8.906430,8,0,245,14
2737,0.682500,8,0,243,14
2770,3.295770,8,0,245,14
2787,0.815927,8,0,244,14
2786,0.549209,8,0,244,14
2790,1.077370,8,0,244,14
2635,0.075098,7,0,238,25
2896,0.352105,7,1,0,
2895,0.637088,7,1,0,
2597,1.125651,7,0,236,25
2684,1.138716,7,0,237,25
2676,1.012817,7,0,237,25
2648,0.127529,7,0,238,25
2639,0.185201,7,0,238,25
2683,1.874101,7,0,237,25
2647,0.061672,7,0,238,25
2646,0.116783,7,0,238,25
2674,0.604667,7,0,237,25
2894,0.615040,7,1,0,
2893,0.746619,7,1,0,
2892,0.649156,7,1,0,
2891,0.640969,7,1,0,
2682,1.722093,7,0,237,25
2596,1.006395,7,0,236,25
2594,9.051613,7,0,236,25
2681,1.888378,7,0,237,25
2595,4.361144,7,0,236,25
2599,7.525308,7,0,236,25
2593,14.121051,7,0,236,25
2591,8.746758,7,0,236,25
2592,6.955852,7,0,236,25
2605,0.041706,7,0,238,25
2617,0.159826,7,0,238,25
2603,0.076040,7,0,238,25
2606,0.028351,7,0,238,25
2604,0.038633,7,0,238,25
2616,0.061014,7,0,238,25
2622,0.073907,7,0,238,25
2607,0.100640,7,0,238,25
2669,0.402778,7,0,237,25
2667,0.219562,7,0,237,25
2656,0.634836,7,0,237,25
2586,1.844312,7,0,236,25
2557,1.702456,7,0,233,25
2585,2.091686,7,0,236,25
2649,1.039281,7,0,237,25
2624,0.288120,7,0,238,25
2673,1.038837,7,0,237,25
2671,1.118345,7,0,237,25
2672,1.034650,7,0,237,25
2670,0.558768,7,0,237,25
2653,0.294432,7,0,237,25
2650,1.090526,7,0,237,25
2626,0.313173,7,0,238,25
2652,0.781542,7,0,237,25
2657,0.913558,7,0,237,25
2630,0.142414,7,0,238,25
2621,0.174520,7,0,238,25
2619,0.131068,7,0,238,25
2612,0.120403,7,0,238,25
2609,0.025324,7,0,238,25
2608,0.049831,7,0,238,25
2613,0.119040,7,0,238,25
2631,0.150303,7,0,238,25
2611,0.103154,7,0,238,25
2633,0.250964,7,0,238,25
2629,0.183038,7,0,238,25
2628,0.222707,7,0,238,25
2610,0.115726,7,0,238,25
2620,0.190947,7,0,238,25
2623,0.362877,7,0,238,25
2625,0.262014,7,0,238,25
2529,0.599668,7,0,232,25
2528,0.514973,7,0,232,25
2568,0.520885,7,0,235,25
2548,7.998494,7,0,234,25
2544,4.989441,7,0,234,25
2551,0.875610,7,0,233,25
2527,0.387254,7,0,232,25
2524,5.102458,7,0,232,25
2553,0.607135,7,0,233,25
2555,2.574512,7,0,233,25
2547,5.699118,7,0,234,25
2546,9.542054,7,0,234,25
2563,5.695776,7,0,233,25
2562,3.596653,7,0,233,25
2552,0.283801,7,0,233,25
2556,6.651909,7,0,233,25
2560,2.678169,7,0,233,25
2554,0.990384,7,0,233,25
2561,5.899445,7,0,233,25
2655,0.991672,7,0,237,25
2564,4.730379,7,0,233,25
2558,2.739863,7,0,233,25
2559,2.392751,7,0,233,25
2654,1.140798,7,0,237,25
2587,0.513502,7,0,236,25
2651,0.402254,7,0,237,25
2530,0.767622,7,0,232,25
2532,5.060290,7,0,232,25
2535,2.318700,7,0,233,25
2536,3.240459,7,0,233,25
2534,1.143566,7,0,233,25
2539,4.424293,7,0,233,25
2538,4.665425,7,0,233,25
2533,2.584923,7,0,232,25
2520,0.645202,7,0,232,25
2525,3.284096,7,0,232,25
2526,5.760050,7,0,232,25
2522,0.233849,7,0,232,25
2521,0.554879,7,0,232,25
2523,21.670052,7,0,252,25
2519,4.342240,7,0,234,25
2531,13.467270,7,0,232,25
2542,6.258524,7,0,233,25
2540,7.421421,7,0,233,25
2537,5.127408,7,0,233,25
2890,0.576864,7,1,0,
2889,0.645804,7,1,0,
2888,0.513142,7,1,0,
2887,0.572630,7,1,0,
2886,0.609704,7,1,0,
2884,0.431002,7,1,0,
2883,0.475518,7,1,0,
2882,0.488631,7,1,0,
2885,0.569885,7,1,0,
2583,7.889786,7,0,236,25
2675,0.825088,7,0,237,25
2686,1.009968,7,0,237,25
2685,1.062776,7,0,237,25
2614,0.036537,7,0,238,25
2687,0.778353,7,0,237,25
2677,1.205184,7,0,237,25
2678,0.910050,7,0,237,25
2658,0.542264,7,0,237,25
2659,0.353084,7,0,237,25
2679,1.437437,7,0,237,25
2661,1.834689,7,0,237,25
2663,0.957065,7,0,237,25
2640,0.199619,7,0,238,25
2644,0.425948,7,0,238,25
2680,0.618474,7,0,237,25
2642,0.425192,7,0,238,25
2643,0.326821,7,0,238,25
2632,0.475073,7,0,238,25
2634,0.366197,7,0,238,25
2638,0.165767,7,0,238,25
2636,0.149280,7,0,238,25
2645,0.358766,7,0,238,25
2641,0.234708,7,0,238,25
2637,0.092950,7,0,238,25
2615,0.091215,7,0,238,25
2545,2.605914,7,0,234,25
2584,2.315877,7,0,236,25
2662,0.457151,7,0,237,25
2627,0.315939,7,0,238,25
2618,0.200126,7,0,238,25
2664,0.920485,7,0,237,25
2577,0.546682,7,0,236,25
2579,2.439118,7,0,236,25
2668,1.254449,7,0,237,25
2666,0.104325,7,0,237,25
2578,0.382555,7,0,236,25
2665,0.883511,7,0,237,25
2660,1.374774,7,0,237,25
2602,0.611298,7,0,236,25
2576,1.594113,7,0,236,25
2582,3.877240,7,0,236,25
2581,7.550928,7,0,236,25
2580,4.210732,7,0,236,25
2601,9.617824,7,0,236,25
2575,2.127548,7,0,236,25
2598,5.631039,7,0,236,25
2600,12.534916,7,0,236,25
2590,37.370239,7,0,236,25
2543,19.847775,7,0,234,25
2574,1.389622,7,0,235,25
2570,35.996902,7,0,235,25
2588,35.868671,7,0,236,25
2571,33.773678,7,0,235,25
2589,35.823895,7,0,236,25
2572,33.793259,7,0,235,25
2573,1.498997,7,0,235,25
2567,38.253246,7,0,235,25
2569,1.665229,7,0,235,25
2566,37.063599,7,0,235,25
2565,34.150791,7,0,235,25
2518,8.802568,7,0,234,25
2541,6.398682,7,0,233,25
2549,11.730895,7,0,234,25
2517,3.830145,7,0,234,25
2550,11.685676,7,0,234,25
2463,0.989908,6,0,229,13
2471,1.030671,6,0,229,13
2470,14.940685,6,0,229,13
2481,0.540414,6,0,230,13
2480,1.890346,6,0,230,13
2833,0.406783,6,1,0,
2831,0.687629,6,1,0,
2832,0.636571,6,1,0,
2489,2.262707,6,0,230,13
2468,15.537803,6,0,230,13
2462,5.590686,6,0,229,13
2469,20.616344,6,0,229,13
2465,6.123892,6,0,229,13
2466,4.210434,6,0,229,13
2464,7.335178,6,0,229,13
2461,10.535119,6,0,229,13
2454,5.344134,6,0,229,13
2455,8.269937,6,0,229,13
2453,2.458058,6,0,229,13
2447,2.140855,6,0,228,13
2422,0.276731,6,0,251,13
2429,0.739240,6,0,226,13
2430,0.933713,6,0,226,13
2426,0.541994,6,0,251,13
2425,0.248481,6,0,251,13
2813,0.074337,6,1,0,
2812,0.107694,6,1,0,
2816,0.129074,6,1,0,
2815,0.117679,6,1,0,
2817,0.138418,6,1,0,
2819,0.159164,6,1,0,
2818,0.133109,6,1,0,
2814,0.057712,6,1,0,
2495,4.307151,6,0,231,13
2492,6.350747,6,0,231,13
2421,0.858307,6,0,251,13
2491,1.534204,6,0,231,13
2510,2.027482,6,0,231,13
2476,0.479945,6,0,230,13
2821,0.220184,6,1,0,
2822,0.156830,6,1,0,
2824,0.156004,6,1,0,
2825,0.259986,6,1,0,
2823,0.145094,6,1,0,
2829,0.163473,6,1,0,
2827,0.176758,6,1,0,
2826,0.198330,6,1,0,
2828,0.173531,6,1,0,
2514,7.627187,6,0,231,13
2820,0.188403,6,1,0,
2497,2.790034,6,0,231,13
2503,1.405864,6,0,231,13
2493,8.643720,6,0,231,13
2494,5.581853,6,0,231,13
2496,4.008695,6,0,231,13
2512,1.984844,6,0,231,13
2499,0.975746,6,0,231,13
2513,1.977699,6,0,231,13
2515,7.077899,6,0,231,13
2505,1.594540,6,0,231,13
2498,1.002449,6,0,231,13
2504,1.648516,6,0,231,13
2506,1.012286,6,0,231,13
2508,1.428573,6,0,231,13
2507,1.000338,6,0,231,13
2502,1.461006,6,0,231,13
2500,1.015477,6,0,231,13
2501,0.966320,6,0,231,13
2830,0.548616,6,1,0,
2445,2.845966,6,0,228,13
2446,2.869573,6,0,228,13
2459,3.853963,6,0,229,13
2460,1.471016,6,0,229,13
2444,2.803983,6,0,228,13
2423,0.397321,6,0,251,13
2509,6.961150,6,0,231,13
2511,6.042101,6,0,231,13
2451,10.136247,6,0,228,13
2488,9.009287,6,0,230,13
2483,1.046457,6,0,230,13
2478,12.047916,6,0,230,13
2475,18.187334,6,0,230,13
2452,9.503223,6,0,228,13
2449,1.446420,6,0,228,13
2474,18.674500,6,0,230,13
2450,7.177670,6,0,228,13
2448,4.461803,6,0,228,13
2482,2.224234,6,0,230,13
2487,5.278790,6,0,230,13
2458,2.111409,6,0,229,13
2438,5.375041,6,0,227,13
2420,1.247370,6,0,251,13
2416,1.557502,6,0,226,13
2419,1.613477,6,0,226,13
2428,0.641704,6,0,227,13
2516,25.472204,6,0,231,13
2479,18.309261,6,0,230,13
2477,11.915143,6,0,230,13
2486,10.139586,6,0,230,13
2435,0.340880,6,0,226,13
2434,0.448292,6,0,226,13
2433,1.002070,6,0,226,13
2437,8.344606,6,0,227,13
2467,20.280016,6,0,230,13
2485,10.476709,6,0,230,13
2473,16.530933,6,0,230,13
2431,0.708443,6,0,227,13
2436,2.604976,6,0,227,13
2472,31.940935,6,0,230,13
2432,3.928349,6,0,227,13
2427,1.258034,6,0,228,13
2424,0.700268,6,0,228,13
2441,6.265864,6,0,227,13
2440,3.322119,6,0,227,13
2439,1.359133,6,0,227,13
2418,0.727402,6,0,227,13
2457,0.649555,6,0,229,13
2456,8.396768,6,0,229,13
2442,5.478292,6,0,227,13
2443,1.143764,6,0,227,13
2417,2.612944,6,0,227,13
2484,7.917031,6,0,230,13
2490,34.093300,6,0,230,13
2054,0.021671,5,0,213,11
2043,0.037785,5,0,213,11
2042,0.022196,5,0,213,11
2061,0.037786,5,0,213,11
2058,0.065484,5,0,213,11
2090,0.332807,5,0,212,11
2096,0.178639,5,0,212,11
2059,0.044788,5,0,213,11
2095,0.380574,5,0,212,11
2092,0.302241,5,0,212,11
2325,0.325594,5,0,221,12
2324,0.191050,5,0,221,12
2063,0.100495,5,0,213,11
2104,0.095541,5,0,212,11
2062,0.072475,5,0,213,11
2060,0.095395,5,0,213,11
2094,0.185467,5,0,212,11
2103,0.527565,5,0,212,11
2101,0.357614,5,0,212,11
2099,0.404200,5,0,212,11
2323,0.791160,5,0,221,12
2089,0.212858,5,0,212,11
2086,0.616321,5,0,212,11
2100,0.570923,5,0,212,11
2087,0.223527,5,0,212,11
2088,0.559399,5,0,212,11
2105,0.253105,5,0,212,11
2326,1.725600,5,0,221,12
2091,0.922760,5,0,212,11
2106,0.802620,5,0,212,11
2102,0.692783,5,0,212,11
2319,6.052474,5,0,221,12
2317,3.016549,5,0,221,12
2251,1.451293,5,0,211,12
2253,0.741742,5,0,211,12
2332,0.076082,5,0,221,12
2077,0.184501,5,0,213,11
2307,0.204733,5,0,209,11
2308,0.256500,5,0,209,11
2076,0.088932,5,0,213,11
2045,0.192658,5,0,213,11
2112,0.257689,5,0,210,11
2113,0.383039,5,0,210,11
2114,0.169763,5,0,210,11
2241,0.060439,5,0,220,11
2172,0.264588,5,0,220,11
2118,0.012102,5,0,218,11
2132,0.046005,5,0,218,11
2133,0.025256,5,0,218,11
2123,0.016321,5,0,218,11
2135,0.022032,5,0,218,11
2146,0.031357,5,0,216,11
2124,0.008285,5,0,218,11
2122,0.008073,5,0,218,11
2121,0.022244,5,0,218,11
2127,0.057741,5,0,217,11
2116,0.028176,5,0,218,11
2117,0.015194,5,0,218,11
2120,0.018866,5,0,218,11
2239,0.116639,5,0,220,11
2237,0.060502,5,0,220,11
2225,0.197885,5,0,220,11
2228,0.143664,5,0,220,11
2229,0.074835,5,0,220,11
2223,0.218644,5,0,220,11
2195,0.121586,5,0,214,11
2196,0.225701,5,0,214,11
2266,0.850367,5,0,208,12
2190,0.041794,5,0,214,12
2110,0.736344,5,0,210,11
2108,0.065911,5,0,210,11
2149,0.046723,5,0,216,11
2232,0.440060,5,0,220,11
2129,0.014687,5,0,217,11
2131,0.041474,5,0,216,11
2130,0.027047,5,0,216,11
2147,0.041046,5,0,216,11
2153,0.059080,5,0,216,11
2155,0.091825,5,0,216,11
2157,0.042675,5,0,216,11
2152,0.090223,5,0,216,11
2154,0.057405,5,0,216,11
2156,0.115649,5,0,216,11
2111,0.326118,5,0,210,11
2306,0.550726,5,0,209,11
2233,0.364024,5,0,220,11
2242,0.129081,5,0,220,11
2240,0.167772,5,0,220,11
2173,0.061030,5,0,220,11
2243,0.238288,5,0,220,11
2247,0.202947,5,0,220,11
2244,0.305119,5,0,220,11
2162,0.635164,5,0,220,11
2226,0.639532,5,0,220,11
2231,0.431813,5,0,220,11
2234,0.342925,5,0,220,11
2305,0.397860,5,0,209,11
2182,0.855377,5,0,214,11
2304,0.356663,5,0,209,11
2238,0.228694,5,0,220,11
2160,0.097787,5,0,217,11
2128,0.111103,5,0,217,11
2158,0.012925,5,0,217,11
2171,0.266770,5,0,220,11
2159,0.187966,5,0,217,11
2184,0.560120,5,0,214,11
2185,0.183348,5,0,214,11
2179,0.256212,5,0,214,11
2180,0.158444,5,0,214,11
2165,0.246864,5,0,214,11
2331,1.018088,5,0,221,12
2245,0.353721,5,0,220,11
2330,0.356784,5,0,221,12
2161,0.482374,5,0,220,11
2164,0.486504,5,0,214,11
2163,0.209574,5,0,220,11
2181,0.482659,5,0,214,11
2309,0.090341,5,0,209,11
2310,0.478484,5,0,209,11
2178,0.079540,5,0,214,11
2169,0.398128,5,0,214,11
2170,0.651931,5,0,214,11
2167,0.558845,5,0,214,11
2168,0.265140,5,0,214,11
2177,0.090559,5,0,216,11
2151,0.045958,5,0,216,11
2193,0.295946,5,0,214,11
2150,0.112941,5,0,216,11
2183,0.149610,5,0,214,11
2176,0.177009,5,0,216,11
2174,0.191614,5,0,214,11
2358,0.965710,5,0,222,12
2287,2.070363,5,0,206,12
2351,2.679506,5,0,222,12
2216,0.557246,5,0,219,11
2359,0.285520,5,0,222,12
2357,2.056109,5,0,222,12
2286,3.821210,5,0,206,12
2205,0.217920,5,0,215,11
2137,0.072160,5,0,218,11
2227,0.290611,5,0,220,11
2119,0.109201,5,0,218,11
2222,0.469734,5,0,219,11
2125,0.114795,5,0,218,11
2342,0.748726,5,0,221,12
2354,1.039547,5,0,222,12
2355,0.428252,5,0,222,12
2218,0.100270,5,0,219,11
2370,1.008431,5,0,223,12
2349,1.317103,5,0,222,12
2348,0.984283,5,0,222,12
2353,2.077250,5,0,222,12
2224,0.527123,5,0,220,11
2368,7.559978,5,0,223,12
2145,0.020647,5,0,216,11
2206,0.148361,5,0,215,11
2203,0.452990,5,0,215,11
2204,0.213338,5,0,215,11
2134,0.030389,5,0,218,11
2136,0.013808,5,0,218,11
2138,0.124316,5,0,218,11
2142,0.048056,5,0,218,11
2143,0.046397,5,0,216,11
2144,0.037055,5,0,216,11
2214,0.107858,5,0,219,11
2215,0.149146,5,0,219,11
2207,0.134494,5,0,215,11
2209,0.165724,5,0,215,11
2139,0.153385,5,0,218,11
2210,0.248134,5,0,219,11
2208,0.328500,5,0,215,11
2213,0.179911,5,0,219,11
2211,0.149293,5,0,219,11
2126,0.079489,5,0,218,11
2350,3.479549,5,0,222,12
2352,0.889702,5,0,222,12
2337,1.946214,5,0,221,12
2220,0.463213,5,0,219,11
2221,0.329338,5,0,219,11
2217,0.641190,5,0,219,11
2219,0.388484,5,0,219,11
2212,0.128254,5,0,219,11
2194,0.275815,5,0,214,11
2189,0.479170,5,0,214,12
2191,0.303027,5,0,214,11
2198,0.202256,5,0,215,11
2192,0.197451,5,0,214,11
2272,0.638983,5,0,207,12
2175,0.127836,5,0,216,11
2148,0.118074,5,0,216,11
2141,0.153740,5,0,218,11
2140,0.123477,5,0,218,11
2274,0.657457,5,0,207,12
2273,0.802189,5,0,207,12
2197,0.240758,5,0,215,11
2202,0.213388,5,0,215,11
2201,0.591419,5,0,215,11
2199,0.707849,5,0,215,11
2200,0.299744,5,0,215,11
2280,0.212860,5,0,205,12
2278,0.517565,5,0,205,12
2281,0.250128,5,0,205,12
2279,0.202279,5,0,205,12
2271,0.381506,5,0,207,12
2296,0.732270,5,0,206,12
2834,0.480330,5,1,0,
2835,0.628181,5,1,0,
2107,0.210133,5,0,210,11
2236,0.280629,5,0,220,11
2369,4.643934,5,0,223,12
2383,4.741465,5,0,223,12
2269,2.459063,5,0,207,12
2186,0.636222,5,0,214,11
2188,0.272884,5,0,214,12
2187,0.414304,5,0,214,12
2267,0.759795,5,0,208,12
2258,1.777826,5,0,208,12
2265,2.646477,5,0,208,12
2264,1.019441,5,0,208,12
2263,1.073031,5,0,208,12
2246,0.282352,5,0,220,11
2336,0.568652,5,0,221,12
2338,3.280608,5,0,221,12
2235,0.297499,5,0,220,11
2230,0.420639,5,0,220,11
2301,0.217785,5,0,206,12
2299,0.632690,5,0,206,12
2260,0.734610,5,0,208,12
2261,1.692553,5,0,208,12
2262,1.526349,5,0,208,12
2268,1.310328,5,0,208,12
2300,0.351321,5,0,206,12
2257,0.641301,5,0,207,12
2259,0.846175,5,0,208,12
2255,1.711317,5,0,207,12
2270,2.032685,5,0,207,12
2297,1.073579,5,0,206,12
2294,0.461457,5,0,206,12
2283,7.292919,5,0,205,12
2298,0.311854,5,0,207,12
2256,0.594415,5,0,207,12
2085,0.907344,5,0,212,11
2166,0.287627,5,0,214,11
2312,0.167227,5,0,209,12
2311,0.371484,5,0,209,12
2109,0.403455,5,0,210,11
2079,0.391663,5,0,213,11
2069,0.171984,5,0,213,11
2070,0.145832,5,0,213,11
2093,0.368101,5,0,212,11
2098,0.457350,5,0,212,11
2343,0.954911,5,0,221,12
2322,0.909748,5,0,221,12
2078,0.077138,5,0,213,11
2073,0.211698,5,0,213,11
2067,0.182746,5,0,213,11
2097,0.288657,5,0,212,11
2320,0.635594,5,0,221,12
2321,0.774845,5,0,221,12
2327,1.028922,5,0,221,12
2318,2.134311,5,0,221,12
2314,6.730937,5,0,221,12
2315,1.271804,5,0,221,12
2316,6.093536,5,0,221,12
2333,0.943621,5,0,221,12
2329,0.706223,5,0,221,12
2328,0.340471,5,0,221,12
2084,0.316531,5,0,211,11
2276,5.228021,5,0,205,12
2254,1.251567,5,0,211,12
2065,0.054661,5,0,213,11
2044,0.052560,5,0,213,11
2068,0.040030,5,0,213,11
2071,0.069037,5,0,213,11
2066,0.080343,5,0,213,11
2072,0.088674,5,0,213,11
2075,0.170276,5,0,213,11
2074,0.378309,5,0,213,11
2335,1.105730,5,0,211,12
2339,2.741845,5,0,221,12
2313,3.820911,5,0,221,12
2340,3.410666,5,0,221,12
2064,0.018998,5,0,213,11
2053,0.066337,5,0,213,11
2055,0.115956,5,0,213,11
2051,0.090795,5,0,213,11
2050,0.099014,5,0,213,11
2046,0.237821,5,0,213,11
2047,0.108577,5,0,213,11
2083,0.193442,5,0,211,11
2252,2.016108,5,0,211,12
2248,1.165567,5,0,211,11
2057,0.306465,5,0,213,11
2056,0.132895,5,0,213,11
2052,0.135529,5,0,213,11
2049,0.091127,5,0,213,11
2048,0.317696,5,0,213,11
2080,1.340174,5,0,211,11
2082,0.565191,5,0,211,11
2334,0.950071,5,0,211,12
2250,0.531033,5,0,211,12
2081,1.324508,5,0,211,11
2115,2.190984,5,0,211,11
2249,4.049578,5,0,211,12
2282,5.087288,5,0,205,12
2284,9.977821,5,0,205,12
2275,12.165179,5,0,205,12
2386,7.261967,5,0,205,12
2382,3.732832,5,0,223,12
2381,3.871465,5,0,223,12
2384,3.116081,5,0,223,12
2379,3.827668,5,0,223,12
2378,7.655106,5,0,223,12
2277,12.066263,5,0,205,12
2372,4.362901,5,0,223,12
2373,8.158617,5,0,223,12
2380,7.377216,5,0,223,12
2371,14.309378,5,0,223,12
2341,0.839573,5,0,223,12
2375,2.591650,5,0,223,12
2377,2.410143,5,0,223,12
2403,0.051535,5,0,224,12
2407,0.600638,5,0,224,12
2401,0.308298,5,0,224,12
2413,2.819315,5,0,224,12
2404,0.571513,5,0,224,12
2406,0.529886,5,0,224,12
2402,0.579315,5,0,224,12
2405,1.038500,5,0,224,12
2397,11.615825,5,0,225,12
2836,0.504639,5,1,0,
2837,0.494865,5,1,0,
2388,0.393327,5,0,225,12
2839,0.452700,5,1,0,
2840,0.400184,5,1,0,
2838,0.500789,5,1,0,
2387,0.749800,5,0,225,12
2389,1.108711,5,0,225,12
2851,0.416262,5,1,0,
2850,0.528530,5,1,0,
2849,0.529938,5,1,0,
2848,0.485000,5,1,0,
2847,0.403003,5,1,0,
2846,0.511512,5,1,0,
2845,0.546905,5,1,0,
2844,0.441609,5,1,0,
2843,0.572146,5,1,0,
2842,0.554453,5,1,0,
2841,0.438163,5,1,0,
2398,12.144914,5,0,225,12
2391,20.858185,5,0,225,12
2393,20.602118,5,0,225,12
2392,15.838919,5,0,225,12
2390,16.947138,5,0,225,12
2396,12.764942,5,0,225,12
2394,14.420287,5,0,225,12
2356,1.933599,5,0,222,12
2363,1.317620,5,0,222,12
2295,0.559035,5,0,206,12
2385,12.450202,5,0,205,12
2303,9.433625,5,0,206,12
2293,0.607323,5,0,206,12
2414,18.379835,5,0,224,12
2412,6.563978,5,0,224,12
2400,18.171503,5,0,224,12
2364,3.051913,5,0,222,12
2361,0.759783,5,0,222,12
2409,19.966515,5,0,224,12
2347,3.082653,5,0,222,12
2345,0.909812,5,0,222,12
2344,1.011140,5,0,222,12
2415,6.143722,5,0,224,12
2346,2.095720,5,0,222,12
2399,16.974852,5,0,224,12
2360,0.342516,5,0,222,12
2362,3.541914,5,0,222,12
2290,1.830883,5,0,206,12
2289,4.036704,5,0,206,12
2288,5.528042,5,0,206,12
2285,5.750325,5,0,206,12
2395,21.368860,5,0,225,12
2302,25.293695,5,0,206,12
2291,7.521091,5,0,206,12
2292,3.225068,5,0,206,12
2376,2.228304,5,0,223,12
2374,1.705555,5,0,223,12
2411,19.413897,5,0,224,12
2367,0.868137,5,0,223,12
2408,15.077847,5,0,224,12
2410,13.705756,5,0,224,12
2366,3.259582,5,0,223,12
2365,18.269484,5,0,223,12
2041,0.626612,4,0,201,24
2038,0.588616,4,0,201,24
2035,0.697573,4,0,201,24
2036,0.552456,4,0,201,24
1972,1.095102,4,0,199,23
1992,1.028973,4,0,199,23
1970,1.055125,4,0,199,23
2037,0.798360,4,0,201,24
2007,9.616977,4,0,200,24
1969,1.000562,4,0,199,23
2005,1.580842,4,0,200,24
2003,0.700310,4,0,202,24
2881,0.502050,4,1,0,
2019,1.504185,4,0,203,24
2026,0.632002,4,0,204,24
1996,2.071014,4,0,197,23
1962,1.025627,4,0,196,23
1983,0.391282,4,0,198,23
1827,0.250469,4,0,180,22
1817,0.743672,4,0,181,22
1761,0.728273,4,0,174,22
1818,0.292918,4,0,181,22
1822,0.489273,4,0,181,22
1826,0.516452,4,0,180,22
1821,0.814945,4,0,181,22
1825,0.488927,4,0,180,22
1823,0.467826,4,0,180,22
1819,0.551516,4,0,181,22
1757,0.506527,4,0,179,22
1815,0.446664,4,0,181,22
1820,0.693952,4,0,181,22
1767,0.516419,4,0,174,22
1766,0.119119,4,0,174,22
1816,0.332826,4,0,181,22
1756,0.757240,4,0,179,22
1803,0.613582,4,0,185,22
1811,0.680201,4,0,181,22
1810,1.399942,4,0,181,22
1759,0.476714,4,0,179,22
1760,0.828332,4,0,179,22
1758,0.800041,4,0,179,22
1804,0.685829,4,0,185,22
1897,0.324915,4,0,191,21
1898,0.521277,4,0,191,21
1928,0.636930,4,0,194,23
1934,1.014608,4,0,195,23
1920,1.017791,4,0,195,23
1940,1.023314,4,0,193,23
1953,0.753731,4,0,192,23
1931,0.817768,4,0,194,23
1951,0.827716,4,0,192,23
1945,1.056155,4,0,192,23
1949,0.595584,4,0,192,23
1947,0.995756,4,0,192,23
1932,0.984166,4,0,194,23
1933,0.977372,4,0,195,23
1944,0.975342,4,0,193,23
1942,0.506513,4,0,193,23
1943,0.727823,4,0,193,23
1946,1.002400,4,0,192,23
1888,0.501856,4,0,190,21
1887,0.500334,4,0,190,21
1889,0.724169,4,0,190,21
1736,0.493853,4,0,171,21
1704,0.613593,4,0,169,21
1891,0.613487,4,0,190,21
1881,0.555098,4,0,186,21
1905,0.506632,4,0,188,21
1864,0.481687,4,0,187,21
1878,0.746529,4,0,186,21
1882,0.566100,4,0,186,21
1884,0.446489,4,0,186,21
1883,0.535019,4,0,186,21
1886,0.515154,4,0,188,21
1863,0.473121,4,0,187,21
1869,1.064639,4,0,187,21
1885,0.496778,4,0,187,21
1876,0.493342,4,0,187,21
1716,0.485035,4,0,170,21
1721,1.065670,4,0,170,21
1720,1.133707,4,0,170,21
1877,1.259009,4,0,186,21
1687,0.394378,4,0,169,21
1685,0.284212,4,0,169,21
1710,0.505278,4,0,170,21
1717,0.486665,4,0,170,21
1719,0.623790,4,0,170,21
1718,0.525254,4,0,170,21
1711,0.520425,4,0,170,21
1941,1.009214,4,0,193,23
1924,0.670387,4,0,194,23
1925,1.745113,4,0,194,23
1926,1.115636,4,0,194,23
1999,2.107455,4,0,197,23
1965,2.071926,4,0,196,23
1998,2.083166,4,0,197,23
1995,4.260266,4,0,197,23
1997,2.445439,4,0,197,23
1914,0.282291,4,0,194,23
1915,0.443694,4,0,194,23
1960,2.155602,4,0,196,23
2002,1.532873,4,0,197,23
1956,1.023898,4,0,196,23
1954,1.808467,4,0,196,23
1921,1.011601,4,0,195,23
1935,1.014501,4,0,195,23
1896,0.833188,4,0,191,21
1918,0.116836,4,0,195,23
1917,0.353361,4,0,195,23
1922,0.509459,4,0,195,23
1919,1.360401,4,0,195,23
1900,0.504468,4,0,191,21
1901,0.668811,4,0,191,21
1916,0.542913,4,0,195,23
1903,1.054238,4,0,191,21
1902,0.442559,4,0,189,21
1895,1.030110,4,0,191,21
1893,1.722015,4,0,191,21
1892,1.603336,4,0,190,21
1813,0.812919,4,0,181,22
1859,0.519633,4,0,183,22
1961,1.028117,4,0,196,23
1828,0.405929,4,0,180,22
1936,1.604377,4,0,193,23
1938,1.268045,4,0,193,23
1939,1.004481,4,0,193,23
1994,1.692491,4,0,197,23
2001,1.202069,4,0,197,23
1937,1.012748,4,0,193,23
2000,0.926747,4,0,197,23
1959,0.455981,4,0,196,23
1958,0.509019,4,0,196,23
1955,0.903207,4,0,196,23
1923,0.963871,4,0,195,23
1808,1.200263,4,0,185,22
1904,0.819674,4,0,189,21
1907,0.551950,4,0,189,21
1927,0.389310,4,0,194,23
1930,1.623533,4,0,194,23
1957,0.885494,4,0,196,23
1899,0.180502,4,0,191,21
1835,1.066342,4,0,183,22
1836,0.342347,4,0,183,22
1858,0.678591,4,0,183,22
1837,1.005204,4,0,183,22
1830,0.386945,4,0,180,22
1831,0.401517,4,0,180,22
1966,2.062129,4,0,196,23
1845,0.245114,4,0,184,22
1967,0.997987,4,0,196,23
1861,0.378069,4,0,183,22
1832,0.699115,4,0,180,22
1847,0.211844,4,0,184,22
1846,0.261973,4,0,184,22
1844,0.957992,4,0,184,22
1968,1.027550,4,0,196,23
1964,1.019114,4,0,196,23
1812,0.424970,4,0,181,22
1814,0.385798,4,0,181,22
1852,0.873456,4,0,182,22
1894,0.517875,4,0,191,21
1850,0.829350,4,0,182,22
1851,0.483340,4,0,182,22
1890,0.721567,4,0,190,21
1879,0.996253,4,0,186,21
1853,0.873889,4,0,182,22
1880,0.876460,4,0,186,21
1848,0.988833,4,0,182,22
1838,0.743525,4,0,183,22
1855,0.866122,4,0,183,22
1862,0.490428,4,0,183,22
1860,0.350123,4,0,183,22
1857,0.680345,4,0,183,22
1963,0.987013,4,0,196,23
1840,1.213253,4,0,184,22
1839,0.647947,4,0,184,22
1856,0.638104,4,0,183,22
1829,0.349163,4,0,180,22
1824,0.227237,4,0,180,22
1854,1.358146,4,0,182,22
1843,0.681630,4,0,184,22
1841,1.134125,4,0,184,22
1842,0.768401,4,0,184,22
1849,0.964555,4,0,182,22
1768,0.326707,4,0,173,22
1775,0.357540,4,0,173,22
1774,0.668864,4,0,173,22
1762,0.322373,4,0,174,22
1722,0.540180,4,0,170,21
1765,0.672235,4,0,174,22
1773,1.075342,4,0,173,22
1770,0.285248,4,0,173,22
1772,0.413156,4,0,173,22
1769,0.643904,4,0,173,22
1763,0.303892,4,0,174,22
1764,0.539624,4,0,174,22
1771,0.379308,4,0,173,22
1776,0.355118,4,0,174,22
1713,0.243618,4,0,170,21
1777,0.508493,4,0,174,22
1714,0.496908,4,0,170,21
1723,0.511755,4,0,170,21
1950,1.321427,4,0,192,23
1952,1.289991,4,0,192,23
1948,1.259114,4,0,192,23
1906,0.500401,4,0,188,21
1865,0.509300,4,0,188,21
1875,1.081703,4,0,188,21
1873,0.982439,4,0,188,21
1874,1.040653,4,0,188,21
1872,0.973445,4,0,188,21
1908,0.494249,4,0,189,21
1909,1.153261,4,0,189,21
1929,0.998313,4,0,194,23
1911,0.515677,4,0,189,21
1910,0.529964,4,0,189,21
1912,1.140257,4,0,189,21
1913,0.982132,4,0,189,21
1688,0.417590,4,0,169,21
1868,1.074158,4,0,187,21
1871,0.438256,4,0,187,21
1703,0.474138,4,0,169,21
1702,0.495145,4,0,169,21
1698,0.406726,4,0,169,21
1701,0.455052,4,0,169,21
1706,0.575639,4,0,169,21
1707,0.531603,4,0,169,21
1705,0.960929,4,0,169,21
1867,0.531700,4,0,187,21
1866,0.447686,4,0,187,21
1870,0.492856,4,0,187,21
2018,1.249558,4,0,203,24
2013,1.499570,4,0,203,24
2014,1.023707,4,0,203,24
2022,4.027137,4,0,203,24
2017,1.707488,4,0,203,24
2023,5.326777,4,0,203,24
2024,6.345789,4,0,203,24
2016,1.688230,4,0,203,24
2021,3.028341,4,0,203,24
1744,0.597171,4,0,177,22
1743,0.150946,4,0,177,22
1737,0.159993,4,0,177,22
1742,0.540727,4,0,177,22
1740,0.302349,4,0,177,22
1741,0.343435,4,0,177,22
1739,0.455668,4,0,177,22
1731,0.372937,4,0,171,21
1730,0.382567,4,0,171,21
1729,0.213060,4,0,171,21
1728,0.366298,4,0,171,21
1676,0.416750,4,0,172,21
1724,0.886237,4,0,171,21
1675,0.202825,4,0,172,21
1681,0.496992,4,0,168,21
1674,0.460250,4,0,172,21
1800,0.318760,4,0,176,22
1799,0.409339,4,0,176,22
1798,0.441142,4,0,176,22
1797,0.424056,4,0,176,22
1691,1.038876,4,0,168,21
1690,0.513051,4,0,168,21
1689,0.508076,4,0,168,21
1754,0.520261,4,0,178,22
1784,0.334068,4,0,175,22
1795,0.414171,4,0,176,22
1726,0.440896,4,0,171,21
1802,0.433912,4,0,176,22
1791,0.378452,4,0,176,22
1801,0.353318,4,0,176,22
1792,0.497125,4,0,176,22
1747,0.280811,4,0,177,22
1746,0.447071,4,0,177,22
1750,0.588108,4,0,178,22
1753,0.535577,4,0,178,22
1752,0.303466,4,0,178,22
1751,0.481191,4,0,178,22
1738,0.546108,4,0,177,22
1700,1.103912,4,0,169,21
1796,0.487992,4,0,176,22
1732,0.861770,4,0,171,21
1782,0.443060,4,0,175,22
1780,0.616978,4,0,174,22
1788,0.668561,4,0,175,22
1733,0.380726,4,0,171,21
1779,0.824335,4,0,174,22
1778,0.249239,4,0,174,22
1712,0.758172,4,0,170,21
1715,0.477847,4,0,170,21
1684,0.553859,4,0,169,21
1669,0.283905,4,0,172,21
1670,0.575095,4,0,172,21
1683,0.442637,4,0,169,21
1671,0.299045,4,0,172,21
1708,0.555136,4,0,170,21
1682,0.492602,4,0,169,21
1686,0.279947,4,0,169,21
1678,0.526929,4,0,172,21
1727,0.615488,4,0,171,21
1725,0.560995,4,0,171,21
1677,0.251863,4,0,172,21
1735,0.478887,4,0,171,21
1734,0.492359,4,0,171,21
1709,0.565465,4,0,170,21
1789,0.507591,4,0,175,22
1786,0.469129,4,0,175,22
1794,0.262283,4,0,176,22
1793,0.261078,4,0,176,22
1781,0.306461,4,0,175,22
1785,0.578550,4,0,175,22
1787,0.258013,4,0,175,22
1790,0.455430,4,0,176,22
1745,0.688752,4,0,177,22
1749,0.463656,4,0,178,22
1755,0.519190,4,0,178,22
1748,0.516449,4,0,178,22
1783,0.516310,4,0,175,22
1699,0.528394,4,0,169,21
1696,0.930016,4,0,168,21
1694,0.500370,4,0,168,21
1695,0.495064,4,0,168,21
1673,0.180876,4,0,172,21
1672,0.579884,4,0,172,21
1679,0.361573,4,0,168,21
1693,0.506034,4,0,168,21
1680,0.389635,4,0,168,21
1692,0.517934,4,0,168,21
1697,1.051963,4,0,168,21
1985,2.208110,4,0,199,23
2020,3.791480,4,0,203,24
2012,2.898249,4,0,203,24
2015,1.966937,4,0,203,24
2011,18.170015,4,0,202,24
2004,0.949939,4,0,200,24
2008,8.324635,4,0,200,24
1984,2.892056,4,0,199,23
2009,9.356441,4,0,200,24
1993,1.557833,4,0,199,23
2040,19.659212,4,0,201,24
2028,6.203626,4,0,204,24
2039,17.824869,4,0,201,24
2031,6.219729,4,0,204,24
2030,14.064339,4,0,204,24
2006,9.032688,4,0,200,24
2033,18.437635,4,0,202,24
2032,4.519818,4,0,204,24
2010,18.461670,4,0,202,24
2034,17.334763,4,0,202,24
2029,4.719045,4,0,204,24
2027,0.777737,4,0,204,24
2025,0.606178,4,0,204,24
1971,1.451945,4,0,199,23
1990,1.928741,4,0,199,23
1987,1.953902,4,0,199,23
1991,1.195512,4,0,199,23
1988,1.498550,4,0,199,23
1989,0.998494,4,0,199,23
1986,1.526887,4,0,199,23
1982,0.961458,4,0,198,23
1981,0.844443,4,0,198,23
1974,1.610221,4,0,198,23
1973,0.538748,4,0,198,23
1976,1.882577,4,0,198,23
1975,1.031347,4,0,198,23
1977,1.217649,4,0,198,23
1980,0.455085,4,0,198,23
1979,0.575294,4,0,198,23
1834,0.961845,4,0,185,22
1809,1.487879,4,0,185,22
1978,1.468654,4,0,198,23
1833,4.490292,4,0,185,22
1807,3.809189,4,0,185,22
1806,1.041952,4,0,185,22
1805,0.618690,4,0,185,22
2880,0.507434,3,1,0,
2879,0.513012,3,1,0,
2878,0.557701,3,1,0,
2877,0.588581,3,1,0,
1503,0.848594,3,0,153,17
1509,0.942136,3,0,153,17
1504,0.644063,3,0,153,17
1508,1.266523,3,0,153,17
1506,1.678436,3,0,153,17
1522,0.956463,3,0,153,17
1512,4.080394,3,0,153,17
1507,2.743375,3,0,153,17
1510,0.853997,3,0,153,17
1514,6.261860,3,0,153,17
1513,2.797320,3,0,153,17
1511,6.458992,3,0,153,17
1417,0.189125,3,0,147,20
1389,0.355736,3,0,145,20
1425,1.018568,3,0,146,20
1409,0.452727,3,0,147,20
1402,1.376228,3,0,146,20
1406,0.917331,3,0,146,20
1403,0.730776,3,0,146,20
1404,0.585926,3,0,146,20
1428,0.861125,3,0,146,20
1427,0.533341,3,0,146,20
1405,1.180073,3,0,146,20
1430,1.411581,3,0,146,20
1429,1.579579,3,0,146,20
1426,0.591662,3,0,146,20
1183,0.987704,3,0,126,20
1382,0.524123,3,0,108,20
1014,0.428629,3,0,106,19
1199,0.108145,3,0,129,20
1173,0.075470,3,0,127,20
1171,0.057923,3,0,127,20
1170,0.076763,3,0,127,20
972,0.503117,3,0,112,19
980,0.212909,3,0,112,19
1001,0.115234,3,0,108,20
1000,0.251140,3,0,108,20
1056,0.182165,3,0,117,19
975,0.254237,3,0,112,19
974,0.240853,3,0,112,19
976,0.242187,3,0,112,19
977,0.245269,3,0,112,19
1055,0.381016,3,0,117,19
1054,0.440030,3,0,117,19
981,0.382433,3,0,112,19
1379,0.487071,3,0,108,20
1380,0.386425,3,0,108,20
1381,0.234344,3,0,108,20
1006,0.395087,3,0,108,20
1005,0.440787,3,0,108,20
1008,0.310435,3,0,108,20
1148,0.212054,3,0,107,20
1149,0.202598,3,0,107,20
1146,0.464392,3,0,107,20
1193,0.498304,3,0,127,20
1176,0.253316,3,0,127,20
1186,1.004294,3,0,126,20
1169,0.056268,3,0,125,20
1168,0.197363,3,0,125,20
1185,1.042613,3,0,126,20
1188,0.513723,3,0,126,20
1191,0.936938,3,0,127,20
1190,0.511864,3,0,127,20
1175,0.234886,3,0,127,20
1178,0.723449,3,0,127,20
1177,0.233331,3,0,127,20
1157,0.221496,3,0,124,20
1187,0.570989,3,0,126,20
1189,0.454382,3,0,127,20
1179,0.240105,3,0,127,20
1166,0.078835,3,0,125,20
1167,0.128216,3,0,125,20
1004,0.170666,3,0,108,20
1003,0.357827,3,0,108,20
1057,0.987544,3,0,118,19
1002,0.193756,3,0,108,20
1215,0.322769,3,0,130,18
1216,0.250453,3,0,130,18
982,0.549859,3,0,112,19
1010,0.828591,3,0,108,20
1007,0.623740,3,0,108,20
1162,0.392165,3,0,125,20
1165,0.148879,3,0,125,20
1172,0.358847,3,0,127,20
1213,0.474966,3,0,130,18
1211,0.272872,3,0,130,18
1210,0.139273,3,0,130,18
1217,0.288030,3,0,130,18
1163,0.573670,3,0,125,20
1164,0.339986,3,0,125,20
1214,0.510775,3,0,130,18
1212,0.524461,3,0,130,18
1144,0.531607,3,0,107,20
1161,0.714560,3,0,125,20
1145,0.493952,3,0,107,20
1147,0.291038,3,0,107,20
1150,0.368122,3,0,124,20
1158,0.635441,3,0,124,20
1159,0.466137,3,0,124,20
1151,0.451834,3,0,124,20
1152,0.275348,3,0,124,20
1021,0.487944,3,0,106,20
985,0.252277,3,0,109,19
996,0.548491,3,0,108,20
999,0.376990,3,0,108,20
998,0.335130,3,0,108,20
995,0.296102,3,0,109,19
994,0.298544,3,0,109,19
983,0.737850,3,0,109,19
1013,0.546852,3,0,106,19
1022,0.559347,3,0,106,20
989,0.601165,3,0,109,19
988,0.621868,3,0,109,19
990,0.464565,3,0,109,19
997,0.493384,3,0,108,20
1009,0.105269,3,0,108,20
1319,0.063086,3,0,140,18
1331,0.983894,3,0,142,18
1328,0.435150,3,0,142,18
1306,0.248839,3,0,140,18
1448,0.536096,3,0,144,18
1447,1.630558,3,0,139,18
1449,0.516763,3,0,144,18
1333,0.962395,3,0,142,18
1339,1.272272,3,0,139,18
1335,0.592568,3,0,142,18
1336,0.437172,3,0,142,18
1337,0.896162,3,0,142,18
1323,0.494109,3,0,142,18
1325,0.254027,3,0,142,18
1324,0.705023,3,0,142,18
1346,0.276908,3,0,136,18
1345,0.625340,3,0,136,18
1309,0.504319,3,0,141,18
1312,0.416998,3,0,141,18
1311,0.240199,3,0,141,18
1310,0.485390,3,0,141,18
1344,1.053414,3,0,139,18
1303,0.430319,3,0,140,18
1334,0.917689,3,0,140,18
1298,0.223982,3,0,140,18
1307,0.201166,3,0,140,18
1302,0.758085,3,0,140,18
1305,0.307942,3,0,140,18
1347,0.265318,3,0,136,18
1304,0.411057,3,0,140,18
1287,0.821528,3,0,135,18
1296,0.119323,3,0,141,18
1297,0.104779,3,0,141,18
1222,0.347023,3,0,132,18
1063,0.543926,3,0,117,19
1052,0.446916,3,0,117,19
1028,0.472908,3,0,115,19
1244,0.495768,3,0,118,19
1078,0.320860,3,0,117,19
1084,0.102187,3,0,116,19
1137,0.168517,3,0,119,19
1266,0.463807,3,0,133,18
1265,1.015555,3,0,133,18
1261,0.715665,3,0,133,18
1258,1.004162,3,0,133,18
1136,0.536593,3,0,119,19
1247,1.043793,3,0,118,19
1141,0.304630,3,0,119,19
1142,0.960275,3,0,119,19
1259,1.005400,3,0,133,18
1250,0.924833,3,0,131,18
1246,0.762137,3,0,118,19
1143,0.175360,3,0,119,19
1248,0.276218,3,0,118,19
1249,0.617289,3,0,118,19
1085,0.617310,3,0,116,19
1086,0.389183,3,0,116,19
1080,0.355832,3,0,116,19
1073,1.046971,3,0,116,19
1138,0.615616,3,0,119,19
1139,0.385229,3,0,119,19
1072,0.625154,3,0,116,19
1079,0.467509,3,0,116,19
1081,0.148882,3,0,116,19
1082,0.230613,3,0,116,19
1140,0.884772,3,0,119,19
1124,0.278188,3,0,120,19
1125,0.605988,3,0,120,19
1106,0.396455,3,0,120,19
1398,0.298862,3,0,143,18
1330,0.694463,3,0,142,18
1326,0.525088,3,0,142,18
1327,0.260720,3,0,142,18
1435,0.493348,3,0,143,18
1445,0.229280,3,0,144,18
1446,0.333819,3,0,144,18
1443,0.212905,3,0,144,18
1439,1.186825,3,0,144,18
1442,0.537145,3,0,144,18
1444,0.536663,3,0,144,18
1437,0.875244,3,0,143,18
1375,0.328766,3,0,143,18
1377,0.668821,3,0,143,18
1268,0.599518,3,0,135,18
1301,0.142044,3,0,140,18
1300,0.200737,3,0,140,18
1299,0.235236,3,0,140,18
1308,0.746151,3,0,140,18
1290,1.086064,3,0,131,18
1374,0.276853,3,0,143,18
1436,0.473512,3,0,143,18
1438,0.470165,3,0,143,18
1373,0.254723,3,0,143,18
1401,0.683894,3,0,143,18
1396,0.591681,3,0,143,18
1376,0.890903,3,0,143,18
1400,0.344506,3,0,143,18
1397,0.819341,3,0,143,18
1399,0.478686,3,0,143,18
1434,1.341526,3,0,143,18
1440,0.675491,3,0,144,18
1329,0.229160,3,0,142,18
1395,0.542543,3,0,143,18
1332,0.502137,3,0,142,18
1394,0.792208,3,0,143,18
1313,0.701471,3,0,141,18
1320,0.447672,3,0,141,18
1321,0.515050,3,0,141,18
1291,0.357927,3,0,131,18
1254,0.547664,3,0,131,18
1255,0.949547,3,0,131,18
1314,0.427785,3,0,141,18
1315,0.476169,3,0,141,18
1318,0.958206,3,0,140,18
1174,0.266949,3,0,127,20
1192,0.492845,3,0,127,20
1236,0.271761,3,0,132,18
1198,0.321405,3,0,129,20
1234,0.934811,3,0,132,18
1322,1.038488,3,0,141,18
1316,0.507104,3,0,141,18
1293,0.381379,3,0,131,18
1292,0.551811,3,0,131,18
1295,1.272288,3,0,131,18
1230,0.744309,3,0,132,18
1229,0.179234,3,0,132,18
1226,0.325037,3,0,132,18
1235,0.607118,3,0,132,18
1317,0.449620,3,0,141,18
1294,0.479227,3,0,131,18
1227,0.298421,3,0,132,18
1233,1.287798,3,0,132,18
1228,0.348297,3,0,132,18
1231,1.043204,3,0,132,18
1232,1.121347,3,0,132,18
1224,0.268029,3,0,132,18
1225,0.363989,3,0,132,18
1223,1.134953,3,0,132,18
1289,3.224083,3,0,131,18
1253,1.077916,3,0,131,18
1256,1.101645,3,0,131,18
1219,0.535897,3,0,130,18
1218,0.464875,3,0,130,18
1242,0.804177,3,0,131,18
1257,0.556016,3,0,131,18
1194,0.532168,3,0,129,20
1195,0.501042,3,0,129,20
1196,0.581674,3,0,129,20
1197,0.303484,3,0,129,20
1061,0.233135,3,0,118,19
1076,0.450572,3,0,117,19
1083,0.409154,3,0,116,19
1074,0.594205,3,0,115,19
1031,0.750907,3,0,114,19
970,0.492997,3,0,111,19
979,0.235680,3,0,112,19
1062,0.481320,3,0,118,19
1077,0.908686,3,0,117,19
978,0.247156,3,0,112,19
1058,1.021057,3,0,118,19
1065,0.435744,3,0,117,19
1051,0.682779,3,0,117,19
1053,0.744502,3,0,117,19
1064,0.560538,3,0,117,19
1049,0.521339,3,0,117,19
1050,0.628279,3,0,117,19
1048,0.348518,3,0,117,19
1251,0.951636,3,0,131,18
1245,0.680936,3,0,118,19
1059,0.451244,3,0,118,19
1238,0.864495,3,0,132,18
1060,0.997369,3,0,118,19
1220,1.260666,3,0,130,18
1221,1.021021,3,0,132,18
1239,1.187335,3,0,132,18
1243,0.766579,3,0,131,18
1252,0.869999,3,0,131,18
1241,0.800762,3,0,131,18
1240,1.061212,3,0,131,18
1384,1.369358,3,0,145,20
1378,0.624618,3,0,143,18
1237,0.614465,3,0,132,18
1201,1.106010,3,0,129,20
1200,1.148739,3,0,129,20
1385,0.857274,3,0,145,20
1383,1.798813,3,0,145,20
1515,4.140524,3,0,153,17
1419,0.133168,3,0,147,20
1418,0.193920,3,0,147,20
1416,0.212970,3,0,147,20
1431,0.397890,3,0,147,20
1410,1.048707,3,0,147,20
1407,0.684159,3,0,147,20
1386,0.560876,3,0,145,20
1465,1.469932,3,0,150,17
1478,2.288688,3,0,149,17
1477,1.099722,3,0,149,17
1441,0.596925,3,0,144,18
1475,1.211060,3,0,149,17
1474,0.464532,3,0,149,17
1472,1.953271,3,0,149,17
1505,2.607758,3,0,153,17
1462,0.834990,3,0,150,17
1468,1.866654,3,0,150,17
1466,3.815206,3,0,150,17
1469,4.834801,3,0,149,17
1479,2.164845,3,0,149,17
1408,0.503235,3,0,147,20
1422,1.023145,3,0,147,20
1421,0.617530,3,0,147,20
1420,0.208723,3,0,147,20
1412,0.697780,3,0,147,20
1424,0.637198,3,0,147,20
1423,0.602700,3,0,147,20
1413,0.586654,3,0,147,20
1414,0.976085,3,0,147,20
1411,0.981948,3,0,147,20
1470,4.368515,3,0,149,17
1476,1.713607,3,0,149,17
1471,2.539489,3,0,149,17
1450,2.999854,3,0,148,17
1464,1.403202,3,0,150,17
1461,0.466879,3,0,150,17
1463,0.786860,3,0,149,17
1467,1.658547,3,0,150,17
1456,2.423698,3,0,148,17
1473,0.959436,3,0,149,17
1460,3.062403,3,0,148,17
1432,1.188783,3,0,147,20
1433,1.949816,3,0,147,20
1182,1.020219,3,0,126,20
1160,0.635600,3,0,123,20
1155,0.525950,3,0,123,20
1415,1.834262,3,0,147,20
1390,0.790758,3,0,145,20
1388,1.343359,3,0,145,20
1387,0.754063,3,0,145,20
1203,1.100550,3,0,129,20
1180,0.986261,3,0,126,20
1184,1.003066,3,0,126,20
1181,0.995054,3,0,126,20
1202,0.697944,3,0,129,20
1205,1.046572,3,0,128,20
1206,1.029989,3,0,128,20
1209,1.005828,3,0,128,20
1393,1.089437,3,0,145,20
1392,0.926884,3,0,145,20
1208,1.124710,3,0,128,20
1391,0.920154,3,0,145,20
1207,1.121416,3,0,128,20
1204,1.126491,3,0,128,20
1023,0.294273,3,0,106,20
1020,0.479042,3,0,106,20
1018,0.576718,3,0,106,20
1015,0.255207,3,0,106,19
1019,0.497148,3,0,106,20
1016,0.233309,3,0,106,19
1017,0.517653,3,0,106,19
1153,0.243820,3,0,123,20
1154,0.224730,3,0,123,20
1024,0.145929,3,0,106,20
1027,0.457653,3,0,106,20
1026,0.299771,3,0,106,20
1025,0.260251,3,0,106,20
1156,0.510902,3,0,123,20
1519,3.847072,3,0,153,17
1520,3.655654,3,0,153,17
1521,4.070421,3,0,153,17
1451,4.502099,3,0,148,17
1453,2.738188,3,0,148,17
1457,2.672047,3,0,148,17
1452,5.321371,3,0,148,17
1454,4.874400,3,0,148,17
1458,1.373028,3,0,148,17
1459,3.015409,3,0,148,17
1455,3.687494,3,0,148,17
1516,6.700291,3,0,153,17
1517,9.285972,3,0,153,17
1518,8.004132,3,0,153,17
961,0.331374,3,0,111,19
960,0.551814,3,0,111,19
962,0.480074,3,0,111,19
1044,0.162919,3,0,113,19
1068,0.991906,3,0,113,19
1090,0.890416,3,0,121,19
964,0.502213,3,0,111,19
2876,0.454532,3,1,0,
2875,0.492774,3,1,0,
2874,0.335512,3,1,0,
2872,0.253766,3,1,0,
2873,0.243728,3,1,0,
1547,2.882036,3,0,155,15
1486,0.641950,3,0,152,17
1484,0.685049,3,0,152,17
1283,0.650236,3,0,135,18
1114,0.236863,3,0,120,19
1113,0.735637,3,0,120,19
1620,0.360788,3,0,159,16
1622,0.974282,3,0,159,16
1623,0.513043,3,0,159,16
1128,0.977297,3,0,119,19
1599,0.141916,3,0,162,16
1600,0.362962,3,0,162,16
1617,0.422209,3,0,161,16
1607,1.991966,3,0,163,16
1618,0.381707,3,0,161,16
1619,0.871905,3,0,161,16
1642,6.015938,3,0,166,16
1635,0.579211,3,0,166,16
1527,3.533921,3,0,157,15
1540,3.083082,3,0,158,15
1594,0.979800,3,0,162,16
1595,0.654440,3,0,162,16
1596,0.830497,3,0,162,16
1597,1.025337,3,0,162,16
1598,0.249494,3,0,162,16
1639,0.555724,3,0,166,16
1638,0.342408,3,0,166,16
1637,0.410589,3,0,166,16
1636,0.627533,3,0,166,16
1542,2.088083,3,0,158,15
1534,7.318737,3,0,158,15
1640,3.368907,3,0,166,16
1604,1.615638,3,0,162,16
1630,2.363324,3,0,160,16
1602,1.002162,3,0,162,16
1605,1.952160,3,0,163,16
1615,0.682009,3,0,161,16
1641,5.373135,3,0,166,16
1603,0.566149,3,0,162,16
1614,2.042907,3,0,160,16
1633,4.752954,3,0,160,16
1601,0.959787,3,0,162,16
1502,0.514414,3,0,162,16
1532,2.980670,3,0,157,15
1528,3.518171,3,0,157,15
1526,2.551004,3,0,157,15
1632,2.136511,3,0,160,16
1634,3.233568,3,0,160,16
1625,1.775122,3,0,159,16
1616,1.679556,3,0,161,16
2871,0.518306,3,1,0,
2868,0.172077,3,1,0,
2869,0.322757,3,1,0,
2870,0.391792,3,1,0,
1488,1.022667,3,0,152,17
1555,1.263068,3,0,156,15
1558,12.127188,3,0,156,15
1556,0.741656,3,0,156,15
1643,8.350849,3,0,166,16
1541,1.979091,3,0,158,15
1559,4.159986,3,0,156,15
1531,3.871820,3,0,157,15
1539,1.477115,3,0,158,15
1557,17.030394,3,0,156,15
1554,1.035873,3,0,156,15
1493,0.265609,3,0,152,17
1494,0.236647,3,0,152,17
1485,1.347738,3,0,152,17
1483,2.009519,3,0,152,17
1550,10.463600,3,0,156,15
1647,0.569611,3,0,166,16
1646,1.882337,3,0,166,16
1645,2.325160,3,0,166,16
1644,4.707674,3,0,166,16
1551,5.511976,3,0,156,15
1553,9.052336,3,0,156,15
1529,1.997065,3,0,157,15
1530,6.939785,3,0,157,15
1543,5.504364,3,0,155,15
1544,8.411340,3,0,155,15
1562,7.504583,3,0,156,15
1548,3.118847,3,0,155,15
1536,1.745281,3,0,158,15
1535,4.801107,3,0,158,15
1552,11.038221,3,0,156,15
1537,7.493070,3,0,158,15
1538,6.134565,3,0,158,15
1102,0.249437,3,0,122,19
1564,0.464131,3,0,164,16
1665,2.009557,3,0,167,16
1654,1.408834,3,0,167,16
1582,0.206904,3,0,164,16
1606,2.140691,3,0,163,16
1611,0.194712,3,0,163,16
1610,0.236198,3,0,163,16
1609,0.277844,3,0,163,16
1588,0.788154,3,0,165,16
1572,1.487907,3,0,165,16
1586,0.485986,3,0,165,16
1587,1.005000,3,0,165,16
1583,0.311770,3,0,164,16
1585,1.028758,3,0,165,16
1566,1.031983,3,0,164,16
1560,8.998972,3,0,156,15
1661,1.985569,3,0,167,16
1662,3.692892,3,0,167,16
1667,1.263029,3,0,167,16
1657,1.663776,3,0,167,16
1668,0.989542,3,0,167,16
1593,0.447588,3,0,162,16
1663,1.486141,3,0,167,16
1664,5.980563,3,0,167,16
1589,2.011954,3,0,165,16
1590,2.026000,3,0,165,16
1591,1.890902,3,0,165,16
1666,1.987917,3,0,167,16
1592,2.131382,3,0,165,16
1569,0.495153,3,0,165,16
1581,0.155678,3,0,164,16
1571,0.253896,3,0,165,16
1573,1.523069,3,0,165,16
1570,0.251602,3,0,165,16
1660,1.985254,3,0,167,16
1649,1.008066,3,0,167,16
1650,0.441369,3,0,167,16
1658,1.250947,3,0,167,16
1656,1.217791,3,0,167,16
1653,1.562231,3,0,167,16
1648,0.506019,3,0,167,16
1652,1.134591,3,0,167,16
1655,1.340012,3,0,167,16
1651,0.527514,3,0,167,16
1545,7.295830,3,0,155,15
1501,0.982036,3,0,154,17
1495,5.466554,3,0,154,17
1561,9.656823,3,0,156,15
1496,11.049986,3,0,154,17
1500,3.057644,3,0,154,17
1563,9.813455,3,0,156,15
1549,4.821871,3,0,155,15
1497,6.068064,3,0,154,17
1498,6.049160,3,0,154,17
1499,3.241093,3,0,154,17
1489,4.664575,3,0,152,17
1491,6.315717,3,0,151,17
1492,5.762393,3,0,151,17
1480,1.503583,3,0,151,17
1274,0.960387,3,0,134,18
1350,0.612905,3,0,136,18
1348,1.371806,3,0,136,18
1369,1.739716,3,0,136,18
1523,2.461112,3,0,157,15
1524,3.007379,3,0,157,15
1367,1.077706,3,0,137,18
1352,0.188200,3,0,136,18
1366,1.002217,3,0,137,18
1368,1.007982,3,0,137,18
1351,1.152115,3,0,136,18
1349,0.384366,3,0,136,18
1343,1.205833,3,0,139,18
1361,1.117191,3,0,138,18
1362,0.640357,3,0,138,18
1364,1.026194,3,0,137,18
1365,1.014005,3,0,137,18
1359,0.626881,3,0,138,18
1363,1.336595,3,0,138,18
1356,0.301993,3,0,138,18
1358,0.732348,3,0,138,18
1341,1.010005,3,0,138,18
1342,1.722726,3,0,139,18
1490,7.183889,3,0,152,17
1487,1.356071,3,0,152,17
1546,4.548561,3,0,155,15
1533,4.404734,3,0,157,15
1372,1.033697,3,0,137,18
1371,1.890826,3,0,137,18
1525,1.736852,3,0,157,15
1629,1.866637,3,0,159,16
1631,2.891464,3,0,160,16
1627,0.743102,3,0,159,16
1280,1.609700,3,0,135,18
1628,1.277234,3,0,159,16
1626,0.540811,3,0,159,16
1624,2.031515,3,0,159,16
1110,0.773786,3,0,120,19
1370,1.771949,3,0,136,18
1282,1.021478,3,0,135,18
1281,1.248572,3,0,135,18
1278,1.769341,3,0,134,18
1621,0.671142,3,0,159,16
1276,0.960432,3,0,134,18
1357,0.509264,3,0,138,18
1355,0.542467,3,0,138,18
1354,0.180354,3,0,138,18
1340,1.848711,3,0,139,18
1482,1.354801,3,0,152,17
1338,1.215451,3,0,139,18
1481,2.401173,3,0,151,17
1353,0.687574,3,0,138,18
1360,2.704644,3,0,138,18
1272,1.004344,3,0,133,18
1262,0.892779,3,0,133,18
1288,2.094336,3,0,135,18
1260,0.997425,3,0,133,18
1267,1.010909,3,0,135,18
1264,0.732372,3,0,133,18
1286,0.547438,3,0,135,18
1284,2.443884,3,0,135,18
1279,1.468051,3,0,134,18
1275,0.918909,3,0,134,18
1285,4.029140,3,0,135,18
1270,1.299002,3,0,133,18
1269,1.122208,3,0,133,18
1277,1.148575,3,0,134,18
1263,1.121265,3,0,133,18
1135,0.290860,3,0,119,19
1133,0.467306,3,0,119,19
1132,0.534306,3,0,119,19
1123,0.233669,3,0,120,19
1119,0.457121,3,0,120,19
1121,0.192853,3,0,120,19
1122,0.259982,3,0,120,19
1134,0.717752,3,0,119,19
1273,1.005448,3,0,134,18
1126,0.960319,3,0,119,19
1271,1.006169,3,0,133,18
1127,0.997963,3,0,119,19
1130,1.012014,3,0,119,19
1131,1.010625,3,0,119,19
1129,1.009537,3,0,119,19
993,0.126802,3,0,109,19
984,0.226827,3,0,109,19
987,0.250472,3,0,109,19
952,0.365120,3,0,110,19
1120,0.318159,3,0,120,19
1118,0.570898,3,0,120,19
1112,0.589586,3,0,120,19
1111,1.850502,3,0,120,19
1101,0.522551,3,0,122,19
1100,0.711533,3,0,122,19
1098,0.371335,3,0,122,19
1089,0.733468,3,0,121,19
1099,0.283352,3,0,122,19
1097,0.416823,3,0,122,19
1103,1.493003,3,0,122,19
1104,0.503627,3,0,122,19
1029,0.158662,3,0,115,19
1030,0.408589,3,0,115,19
1066,0.955276,3,0,113,19
1075,0.571887,3,0,115,19
1070,0.995056,3,0,113,19
1071,0.989834,3,0,113,19
1069,1.009654,3,0,113,19
1045,0.406148,3,0,113,19
1067,0.944523,3,0,113,19
1043,0.445364,3,0,113,19
1038,0.294281,3,0,113,19
1042,1.005539,3,0,113,19
1046,1.038424,3,0,113,19
1047,0.424283,3,0,113,19
1037,0.167313,3,0,114,19
1033,0.421949,3,0,114,19
1578,0.224978,3,0,164,16
1580,0.444001,3,0,164,16
1574,0.445852,3,0,164,16
1567,0.461736,3,0,164,16
1568,0.537963,3,0,164,16
1576,0.157163,3,0,164,16
1577,0.304544,3,0,164,16
1575,0.548965,3,0,164,16
1565,0.569030,3,0,164,16
1115,0.995739,3,0,122,19
1116,0.987022,3,0,122,19
1608,2.041645,3,0,163,16
1612,0.662132,3,0,163,16
1117,0.736937,3,0,120,19
1613,0.924674,3,0,163,16
1579,0.454753,3,0,164,16
1584,0.220513,3,0,164,16
1011,0.505471,3,0,106,19
1012,0.529607,3,0,106,19
971,0.346950,3,0,111,19
1039,0.120671,3,0,113,19
1041,0.250953,3,0,114,19
963,0.473976,3,0,111,19
969,0.146478,3,0,111,19
1036,0.218935,3,0,114,19
1040,0.088567,3,0,114,19
968,0.449000,3,0,111,19
1032,0.871647,3,0,114,19
1035,0.492929,3,0,114,19
1034,0.492302,3,0,114,19
967,0.524597,3,0,111,19
956,0.595337,3,0,110,19
957,0.636101,3,0,110,19
986,0.300354,3,0,109,19
966,0.606827,3,0,111,19
958,0.440933,3,0,110,19
965,0.801427,3,0,111,19
959,0.567879,3,0,112,19
991,0.132557,3,0,109,19
973,0.963082,3,0,112,19
992,0.278339,3,0,109,19
954,0.633151,3,0,110,19
955,0.566115,3,0,110,19
953,0.636288,3,0,110,19
947,0.625096,3,0,105,19
948,0.728425,3,0,105,19
951,0.512198,3,0,105,19
949,0.428861,3,0,105,19
950,0.518347,3,0,105,19
1096,0.248917,3,0,122,19
1107,0.716724,3,0,120,19
1092,0.315655,3,0,121,19
1108,0.993724,3,0,120,19
1088,0.831900,3,0,121,19
1105,0.999173,3,0,120,19
1087,0.999026,3,0,121,19
1091,0.785164,3,0,121,19
1109,0.990918,3,0,120,19
1093,0.175312,3,0,122,19
1094,0.301596,3,0,122,19
1095,0.146543,3,0,122,19
1659,1.984627,3,0,167,16
415,0.607095,2,0,56,2
408,0.295446,2,0,54,2
412,0.500729,2,0,54,2
411,0.766693,2,0,54,2
417,0.624266,2,0,56,2
413,0.603614,2,0,54,2
410,0.774809,2,0,54,2
401,0.412520,2,0,55,2
400,0.238665,2,0,55,2
406,0.843385,2,0,55,2
405,0.551713,2,0,55,2
403,0.270981,2,0,55,2
404,0.458929,2,0,55,2
407,0.879376,2,0,55,2
409,0.304026,2,0,54,2
414,0.997464,2,0,54,2
393,0.337992,2,0,53,3
398,0.294801,2,0,55,2
416,0.458921,2,0,56,2
402,0.137575,2,0,55,2
399,0.383788,2,0,55,2
397,0.277502,2,0,55,2
395,0.920670,2,0,55,2
396,0.295360,2,0,55,2
418,0.702848,2,0,56,2
419,0.212248,2,0,56,2
456,0.245248,2,0,60,6
455,0.101543,2,0,60,6
443,0.206721,2,0,58,5
437,0.164842,2,0,58,4
504,0.083585,2,0,65,6
544,0.192321,2,0,63,6
513,0.413267,2,0,66,6
508,0.349060,2,0,66,6
509,0.375492,2,0,66,6
501,0.333931,2,0,65,6
500,0.252215,2,0,65,6
498,0.807225,2,0,67,6
496,0.273770,2,0,67,6
494,0.339847,2,0,67,6
495,0.719276,2,0,67,6
808,0.495165,2,0,90,5
827,0.154983,2,0,97,8
811,0.966395,2,0,90,5
826,0.838284,2,0,97,8
825,0.609235,2,0,97,8
824,0.396096,2,0,97,8
814,1.010668,2,0,95,8
792,0.149594,2,0,91,8
812,0.526030,2,0,95,8
782,0.481706,2,0,89,5
786,0.487607,2,0,89,5
817,0.996908,2,0,95,8
810,0.485127,2,0,90,5
804,0.950193,2,0,90,5
806,0.977105,2,0,90,5
789,0.503850,2,0,89,5
807,0.490343,2,0,90,5
803,1.036128,2,0,90,5
805,0.763262,2,0,90,5
781,0.708090,2,0,89,5
482,0.500725,2,0,61,5
769,0.431491,2,0,83,9
765,0.959508,2,0,83,9
716,0.498984,2,0,84,9
768,0.603039,2,0,83,9
762,0.695526,2,0,83,9
681,0.004031,2,0,80,10
763,0.651253,2,0,83,9
764,1.165747,2,0,83,9
562,0.348314,2,0,77,6
561,0.355224,2,0,77,6
566,0.435861,2,0,77,6
465,0.422233,2,0,59,5
464,0.536997,2,0,59,5
462,0.707465,2,0,59,5
463,0.728391,2,0,59,5
483,0.751541,2,0,61,5
486,0.498417,2,0,62,6
481,0.488531,2,0,61,5
643,0.982025,2,0,78,6
644,0.964519,2,0,78,6
680,1.013292,2,0,80,10
642,0.761366,2,0,78,6
638,1.385007,2,0,78,6
676,1.003922,2,0,80,10
641,0.504903,2,0,78,6
639,0.443024,2,0,78,6
640,0.751026,2,0,78,6
559,0.606081,2,0,77,6
560,0.495043,2,0,77,6
557,0.537049,2,0,77,6
558,0.892269,2,0,77,6
466,0.276549,2,0,59,5
484,0.294777,2,0,61,6
467,0.726419,2,0,60,6
485,0.224370,2,0,62,6
487,0.361685,2,0,62,6
488,0.483681,2,0,62,6
490,0.508532,2,0,62,6
491,0.867776,2,0,62,6
489,0.383567,2,0,62,6
469,0.672245,2,0,60,6
723,0.320863,2,0,84,9
783,0.484152,2,0,89,5
476,0.588723,2,0,61,5
478,0.499391,2,0,61,5
458,1.277920,2,0,59,5
459,0.224966,2,0,59,5
468,0.424973,2,0,60,6
471,0.601154,2,0,60,6
438,0.346696,2,0,58,4
475,0.963369,2,0,61,5
480,0.490165,2,0,61,5
474,0.681721,2,0,61,5
452,0.578342,2,0,60,6
460,0.178426,2,0,59,5
461,0.209096,2,0,59,5
470,0.611184,2,0,60,6
432,0.613460,2,0,60,4
454,0.474911,2,0,60,6
553,0.874706,2,0,64,6
555,0.694931,2,0,64,6
554,0.317128,2,0,64,6
431,1.008542,2,0,60,4
453,0.208328,2,0,60,6
457,0.278856,2,0,60,6
451,0.583934,2,0,60,6
563,0.624041,2,0,77,6
552,0.729977,2,0,63,6
472,0.600678,2,0,60,6
492,0.421017,2,0,62,6
547,0.607496,2,0,63,6
546,0.295754,2,0,63,6
548,0.651828,2,0,63,6
507,0.225779,2,0,66,6
502,0.549828,2,0,65,6
503,0.591987,2,0,65,6
550,0.560067,2,0,63,6
545,0.665727,2,0,63,6
556,0.867440,2,0,64,6
549,0.854719,2,0,63,6
551,1.078671,2,0,63,6
450,0.658419,2,0,59,5
473,1.218621,2,0,61,5
434,0.252716,2,0,57,4
433,0.202675,2,0,57,4
436,0.264771,2,0,58,4
426,0.273284,2,0,58,4
447,0.122904,2,0,58,5
446,0.203965,2,0,58,5
427,0.315730,2,0,58,4
425,0.433614,2,0,58,4
445,0.169852,2,0,58,5
448,0.556608,2,0,59,5
449,0.580704,2,0,59,5
442,0.110008,2,0,58,5
441,0.288767,2,0,58,5
440,0.296317,2,0,58,5
439,0.183881,2,0,58,4
444,0.187227,2,0,58,5
435,0.261046,2,0,58,4
420,0.432599,2,0,57,4
422,0.503470,2,0,57,4
424,0.474931,2,0,58,4
423,0.509062,2,0,57,4
421,0.502850,2,0,57,4
430,1.880569,2,0,57,4
429,1.153838,2,0,57,4
428,0.602952,2,0,57,4
529,0.217300,2,0,69,6
532,0.135136,2,0,69,6
530,0.119355,2,0,69,6
579,0.717196,2,0,71,7
583,3.847689,2,0,71,7
580,1.612847,2,0,71,7
578,0.410929,2,0,70,7
582,1.293482,2,0,71,7
581,1.447352,2,0,71,7
602,1.230783,2,0,74,7
624,0.514567,2,0,73,7
627,0.999558,2,0,73,7
631,0.755345,2,0,73,7
623,0.740871,2,0,75,7
622,0.792534,2,0,75,7
625,0.770154,2,0,73,7
630,0.980280,2,0,73,7
531,0.183384,2,0,69,6
600,0.929632,2,0,74,7
584,1.548851,2,0,72,7
577,1.070962,2,0,70,7
609,1.493030,2,0,70,7
612,0.393062,2,0,70,7
611,0.337424,2,0,70,7
607,0.728323,2,0,72,7
615,0.485170,2,0,73,7
614,0.808532,2,0,73,7
616,0.482763,2,0,75,7
619,0.850454,2,0,75,7
620,0.811509,2,0,75,7
618,1.345409,2,0,75,7
608,0.712673,2,0,72,7
617,0.443219,2,0,75,7
605,0.945262,2,0,72,7
596,0.230949,2,0,74,7
586,0.360957,2,0,72,7
585,0.456207,2,0,72,7
606,0.547980,2,0,72,7
587,0.439731,2,0,72,7
588,1.574908,2,0,72,7
595,0.890491,2,0,74,7
597,0.825360,2,0,74,7
589,2.268261,2,0,72,7
564,0.663951,2,0,77,6
636,0.495966,2,0,73,7
574,0.668824,2,0,76,6
635,1.255174,2,0,73,7
576,0.589583,2,0,76,6
567,0.344779,2,0,77,6
650,0.975555,2,0,76,6
575,0.700906,2,0,76,6
570,0.640442,2,0,76,6
568,0.769704,2,0,77,6
572,0.246414,2,0,76,6
512,0.257911,2,0,66,6
506,0.193770,2,0,65,6
505,0.335286,2,0,65,6
613,0.848855,2,0,73,7
610,0.733614,2,0,70,7
534,0.427112,2,0,69,6
533,0.403327,2,0,69,6
536,0.544988,2,0,69,6
514,0.132441,2,0,66,6
510,0.547927,2,0,66,6
511,0.726030,2,0,66,6
493,1.485864,2,0,67,6
497,1.102349,2,0,67,6
499,0.805791,2,0,67,6
522,0.574455,2,0,68,6
518,0.286568,2,0,68,6
523,0.591744,2,0,68,6
517,0.290149,2,0,68,6
520,0.728137,2,0,68,6
519,0.085209,2,0,68,6
516,0.579738,2,0,68,6
527,0.335988,2,0,69,6
515,0.510651,2,0,66,6
539,0.465775,2,0,69,6
528,0.652596,2,0,69,6
521,0.760611,2,0,68,6
526,0.520077,2,0,68,6
525,0.480359,2,0,68,6
524,0.394135,2,0,68,6
542,0.886973,2,0,63,6
543,0.515846,2,0,63,6
565,0.585472,2,0,77,6
569,1.265103,2,0,77,6
571,0.314366,2,0,76,6
573,0.845759,2,0,76,6
535,0.449627,2,0,69,6
538,0.837946,2,0,69,6
540,0.849444,2,0,69,6
537,0.507416,2,0,69,6
541,0.710364,2,0,69,6
385,0.573633,2,0,52,3
384,0.198603,2,0,52,3
386,0.324858,2,0,52,3
379,0.573446,2,0,52,3
381,0.273444,2,0,52,3
383,0.262558,2,0,52,3
392,0.207932,2,0,53,3
391,0.335099,2,0,53,3
380,0.518814,2,0,52,3
382,0.240600,2,0,52,3
387,0.312471,2,0,53,3
388,0.396007,2,0,53,3
389,0.301443,2,0,53,3
390,0.191327,2,0,53,3
839,0.104242,2,0,98,8
837,0.129495,2,0,98,8
737,0.128651,2,0,88,9
854,0.756620,2,0,91,8
735,0.355556,2,0,88,9
943,0.971606,2,0,99,8
912,0.209844,2,0,101,8
920,0.354990,2,0,101,8
910,0.375259,2,0,101,8
905,0.497845,2,0,103,9
907,0.500439,2,0,103,9
906,0.504504,2,0,103,9
908,0.502238,2,0,101,8
922,0.392021,2,0,101,8
919,0.424610,2,0,101,8
921,0.389814,2,0,101,8
936,0.974094,2,0,99,8
853,0.591282,2,0,92,8
845,0.511472,2,0,96,8
914,0.293313,2,0,101,8
918,0.386754,2,0,101,8
846,0.902526,2,0,96,8
842,0.297367,2,0,96,8
843,0.673670,2,0,96,8
777,0.386203,2,0,82,9
751,0.357348,2,0,85,9
742,0.288134,2,0,88,9
882,0.499846,2,0,104,9
883,1.005432,2,0,104,9
752,0.416618,2,0,85,9
756,0.740678,2,0,86,9
779,1.482622,2,0,82,9
778,0.291983,2,0,82,9
755,0.512818,2,0,86,9
776,0.759792,2,0,82,9
892,0.821966,2,0,104,9
880,0.389654,2,0,104,9
893,0.739627,2,0,104,9
780,0.808715,2,0,82,9
689,0.882074,2,0,80,10
687,0.997924,2,0,80,10
699,1.127612,2,0,81,10
878,0.735594,2,0,104,9
877,1.192446,2,0,104,9
876,0.674379,2,0,104,9
874,1.136568,2,0,104,9
861,0.997107,2,0,104,9
707,2.052975,2,0,81,10
744,0.676765,2,0,88,9
754,1.031611,2,0,86,9
753,0.993901,2,0,86,9
739,0.586841,2,0,87,9
935,1.088096,2,0,99,8
934,0.619499,2,0,100,8
924,0.916770,2,0,100,8
933,0.404678,2,0,100,8
931,0.700765,2,0,100,8
884,0.493888,2,0,104,9
885,0.247462,2,0,104,9
891,0.512163,2,0,103,9
887,0.486669,2,0,103,9
896,0.222491,2,0,103,9
886,0.249770,2,0,103,9
890,0.250085,2,0,103,9
881,1.132679,2,0,104,9
704,1.079386,2,0,81,10
879,0.381305,2,0,104,9
875,0.940965,2,0,104,9
863,1.970307,2,0,104,9
862,0.980372,2,0,104,9
926,0.755732,2,0,100,8
925,1.047496,2,0,100,8
895,0.786419,2,0,104,9
746,0.316245,2,0,88,9
917,1.144562,2,0,101,8
915,0.396544,2,0,101,8
923,0.657375,2,0,101,8
909,0.541014,2,0,101,8
894,0.752106,2,0,103,9
745,0.323232,2,0,88,9
916,0.212835,2,0,101,8
911,0.446412,2,0,101,8
901,0.422393,2,0,103,9
904,0.876349,2,0,103,9
898,0.513512,2,0,103,9
900,0.297556,2,0,103,9
903,1.060923,2,0,103,9
899,0.486901,2,0,103,9
888,0.495617,2,0,103,9
902,0.403278,2,0,103,9
889,0.278310,2,0,103,9
897,0.282583,2,0,103,9
872,0.491560,2,0,102,9
870,0.393788,2,0,102,9
871,0.592448,2,0,102,9
869,0.522963,2,0,102,9
866,1.033421,2,0,102,9
864,1.962687,2,0,102,9
913,0.427439,2,0,101,8
743,0.739860,2,0,88,9
747,1.030713,2,0,86,9
749,0.498425,2,0,86,9
750,0.660530,2,0,85,9
738,0.507699,2,0,87,9
858,0.490330,2,0,92,8
857,0.697496,2,0,92,8
748,0.497459,2,0,86,9
741,0.378015,2,0,88,9
856,0.747845,2,0,91,8
740,0.392790,2,0,88,9
736,0.040963,2,0,88,9
734,0.795886,2,0,88,9
860,2.019912,2,0,104,9
873,0.876606,2,0,104,9
867,0.495671,2,0,102,9
868,0.475944,2,0,102,9
859,1.971197,2,0,104,9
865,1.025080,2,0,102,9
928,1.806802,2,0,100,8
930,1.167095,2,0,100,8
932,0.609252,2,0,100,8
929,1.250698,2,0,100,8
927,1.784643,2,0,100,8
688,2.039834,2,0,80,10
705,1.131468,2,0,81,10
706,1.007118,2,0,81,10
700,2.070060,2,0,81,10
709,1.810049,2,0,81,10
703,1.023918,2,0,81,10
701,1.076339,2,0,81,10
941,2.024756,2,0,99,8
945,0.425086,2,0,99,8
937,3.456338,2,0,99,8
938,0.596383,2,0,99,8
665,3.430707,2,0,79,10
702,2.032380,2,0,81,10
708,4.193384,2,0,81,10
692,0.861812,2,0,81,10
696,0.320855,2,0,81,10
698,3.411712,2,0,81,10
658,2.886512,2,0,79,10
655,6.081128,2,0,79,10
651,3.099803,2,0,79,10
653,6.130277,2,0,79,10
660,1.423571,2,0,79,10
654,6.170244,2,0,79,10
657,3.226552,2,0,79,10
697,0.421132,2,0,81,10
695,0.456541,2,0,81,10
691,1.990292,2,0,81,10
656,3.315248,2,0,79,10
693,4.032571,2,0,81,10
694,1.675230,2,0,81,10
775,0.711818,2,0,82,9
773,0.751822,2,0,82,9
761,0.749506,2,0,85,9
844,0.492483,2,0,96,8
819,0.548296,2,0,96,8
821,0.692840,2,0,96,8
816,1.004534,2,0,95,8
809,0.479942,2,0,90,5
787,0.468051,2,0,89,5
855,0.508050,2,0,91,8
674,1.028729,2,0,80,10
772,0.499391,2,0,85,9
774,0.817708,2,0,82,9
652,6.474936,2,0,79,10
661,1.499803,2,0,79,10
664,1.661879,2,0,79,10
788,0.491479,2,0,89,5
813,0.468442,2,0,95,8
800,0.497327,2,0,94,8
822,0.835598,2,0,96,8
802,0.495469,2,0,93,8
847,0.272381,2,0,92,8
852,0.298362,2,0,92,8
848,0.579746,2,0,93,8
849,0.318835,2,0,93,8
801,0.492312,2,0,94,8
851,0.526280,2,0,92,8
798,0.495605,2,0,94,8
850,0.224723,2,0,92,8
797,0.500654,2,0,93,8
795,0.507017,2,0,91,8
785,0.475887,2,0,89,5
794,0.397131,2,0,91,8
791,0.498707,2,0,91,8
784,0.479594,2,0,89,5
790,0.501631,2,0,91,8
799,0.502950,2,0,94,8
637,1.251257,2,0,73,7
632,1.102577,2,0,73,7
633,2.010489,2,0,73,7
634,1.033334,2,0,73,7
833,0.367215,2,0,98,8
840,1.002737,2,0,98,8
820,0.946869,2,0,96,8
815,1.002529,2,0,95,8
823,1.002988,2,0,97,8
720,0.626302,2,0,84,9
758,0.558844,2,0,85,9
757,0.646376,2,0,85,9
760,0.363496,2,0,85,9
759,0.496213,2,0,85,9
479,0.492215,2,0,61,5
725,0.488688,2,0,84,9
796,0.495997,2,0,91,8
731,0.770695,2,0,87,9
732,0.677375,2,0,87,9
733,0.341457,2,0,87,9
719,0.709329,2,0,84,9
771,0.885069,2,0,85,9
766,0.409373,2,0,83,9
770,0.827568,2,0,83,9
717,0.498879,2,0,84,9
767,0.500059,2,0,83,9
477,1.013705,2,0,61,5
727,0.379956,2,0,87,9
793,0.445662,2,0,91,8
728,0.627859,2,0,87,9
729,0.511648,2,0,87,9
730,0.628540,2,0,87,9
721,0.377273,2,0,84,9
722,0.360974,2,0,84,9
718,0.974517,2,0,84,9
724,0.505529,2,0,84,9
726,0.498488,2,0,84,9
663,1.373492,2,0,79,10
672,1.987324,2,0,79,10
649,1.007479,2,0,76,6
648,0.962501,2,0,76,6
662,0.788320,2,0,79,10
670,2.328322,2,0,79,10
671,3.981784,2,0,79,10
715,1.007468,2,0,80,10
647,0.985265,2,0,76,6
646,0.965472,2,0,78,6
714,0.994011,2,0,80,10
685,0.993737,2,0,80,10
645,0.979530,2,0,78,6
683,3.242105,2,0,80,10
684,1.010227,2,0,80,10
713,2.703782,2,0,80,10
712,1.011118,2,0,80,10
690,5.424917,2,0,81,10
710,2.493153,2,0,80,10
659,1.944101,2,0,79,10
682,4.325919,2,0,80,10
677,0.935153,2,0,80,10
673,0.995140,2,0,80,10
675,2.136572,2,0,80,10
678,1.973402,2,0,80,10
686,2.504357,2,0,80,10
679,1.344882,2,0,80,10
711,1.255238,2,0,80,10
621,0.967817,2,0,75,7
626,0.327579,2,0,73,7
628,0.962239,2,0,73,7
629,0.678412,2,0,73,7
668,2.738508,2,0,79,10
667,3.918862,2,0,79,10
666,2.777169,2,0,79,10
669,5.923736,2,0,79,10
603,1.005937,2,0,74,7
604,0.583971,2,0,74,7
940,2.458196,2,0,99,8
946,0.635604,2,0,99,8
944,0.354724,2,0,99,8
942,0.702767,2,0,99,8
939,3.916745,2,0,99,8
831,1.480844,2,0,98,8
841,0.995758,2,0,98,8
818,1.003789,2,0,95,8
828,0.994085,2,0,97,8
829,1.000832,2,0,97,8
830,0.996023,2,0,97,8
832,0.497227,2,0,98,8
836,0.431630,2,0,98,8
838,0.303699,2,0,98,8
835,0.280623,2,0,98,8
834,0.304180,2,0,98,8
593,0.746398,2,0,74,7
598,1.167812,2,0,74,7
599,1.053834,2,0,74,7
601,0.692196,2,0,74,7
591,1.831023,2,0,72,7
594,1.897948,2,0,74,7
590,1.446349,2,0,72,7
592,2.983814,2,0,72,7
47,0.216506,1,0,11,2
46,0.196829,1,0,11,2
48,0.338698,1,0,11,2
45,0.265571,1,0,11,2
42,0.039875,1,0,11,2
17,0.498557,1,0,8,3
30,0.535896,1,0,7,3
18,0.129840,1,0,8,3
19,0.279057,1,0,8,3
22,0.258373,1,0,8,3
20,0.183126,1,0,8,3
124,0.100946,1,0,16,2
116,0.180670,1,0,14,2
114,0.377346,1,0,14,2
113,0.495835,1,0,14,2
115,0.152729,1,0,14,2
71,0.347436,1,0,4,3
66,0.360483,1,0,4,3
164,0.013903,1,0,20,1
165,0.036840,1,0,20,1
163,0.043217,1,0,20,1
167,0.096417,1,0,20,1
168,0.146000,1,0,20,1
169,0.186523,1,0,20,1
170,0.149752,1,0,20,1
161,0.184193,1,0,20,1
177,0.043451,1,0,20,1
160,0.136574,1,0,20,1
176,0.059926,1,0,20,1
171,0.116063,1,0,20,1
178,0.045368,1,0,20,1
174,0.171864,1,0,20,1
162,0.041492,1,0,20,1
166,0.048029,1,0,20,1
131,0.546753,1,0,18,2
26,0.380800,1,0,9,3
88,0.431277,1,0,6,3
75,0.345353,1,0,3,3
78,0.350438,1,0,6,3
77,0.419479,1,0,3,3
76,0.238208,1,0,3,3
118,0.203422,1,0,15,2
117,0.144457,1,0,15,2
123,0.205556,1,0,16,2
13,0.245661,1,0,8,3
16,0.500409,1,0,8,3
15,0.490065,1,0,8,3
12,0.292240,1,0,8,3
9,0.479809,1,0,5,3
1,0.120861,1,0,5,3
3,0.124638,1,0,5,3
10,0.211397,1,0,5,3
2,0.242074,1,0,5,3
4,0.247168,1,0,5,3
6,0.242572,1,0,5,3
5,0.132406,1,0,5,3
8,0.248377,1,0,5,3
11,0.136651,1,0,5,3
129,0.310727,1,0,18,2
31,0.392860,1,0,7,3
87,0.318276,1,0,6,3
130,0.285871,1,0,18,2
84,0.513167,1,0,6,3
83,0.372291,1,0,8,3
14,0.248990,1,0,8,3
29,0.410902,1,0,7,3
85,0.704740,1,0,6,3
90,0.511820,1,0,6,3
96,0.518033,1,0,16,2
89,0.432751,1,0,6,3
122,0.358304,1,0,16,2
98,0.495514,1,0,16,2
102,0.620476,1,0,14,2
99,0.244787,1,0,14,2
94,0.275447,1,0,16,2
93,0.378652,1,0,16,2
101,0.523381,1,0,14,2
95,0.480661,1,0,16,2
91,0.313113,1,0,6,3
92,0.432412,1,0,6,3
35,0.363949,1,0,7,3
34,0.368735,1,0,7,3
191,0.009302,1,0,48,1
2897,0.138403,1,1,0,
190,0.007738,1,0,48,1
207,0.022864,1,0,50,1
195,0.011949,1,0,50,1
196,0.013041,1,0,50,1
2898,0.101414,1,1,0,
2899,0.147213,1,1,0,
134,0.311104,1,0,18,2
181,0.028822,1,0,48,1
100,0.308534,1,0,14,2
145,1.452292,1,0,248,2
21,0.194844,1,0,8,3
135,0.160728,1,0,17,2
119,0.345138,1,0,15,2
121,0.238673,1,0,16,2
97,0.217876,1,0,16,2
144,0.379025,1,0,18,2
136,0.238017,1,0,17,2
142,0.223571,1,0,17,2
125,0.280352,1,0,16,2
138,0.455703,1,0,17,2
147,0.114499,1,0,21,2
120,0.147478,1,0,15,2
140,0.089855,1,0,17,2
146,0.292008,1,0,21,2
141,0.094542,1,0,17,2
126,0.116883,1,0,16,2
197,0.014777,1,0,50,1
192,0.010886,1,0,48,1
188,0.048257,1,0,48,1
193,0.027990,1,0,48,1
202,0.037378,1,0,50,1
203,0.020290,1,0,50,1
213,0.025999,1,0,49,1
179,0.031110,1,0,48,1
180,0.039765,1,0,48,1
182,0.065966,1,0,48,1
214,0.019057,1,0,49,1
183,0.054618,1,0,48,1
211,0.022819,1,0,49,1
215,0.070285,1,0,49,1
210,0.037051,1,0,49,1
40,0.407804,1,0,10,3
27,0.503182,1,0,9,3
109,0.579964,1,0,13,2
111,0.818714,1,0,13,2
110,0.837698,1,0,13,2
103,0.506377,1,0,12,2
148,0.110115,1,0,21,2
139,0.077093,1,0,17,2
137,0.238608,1,0,17,2
143,0.113119,1,0,17,2
186,0.058568,1,0,48,1
187,0.044581,1,0,48,1
185,0.032445,1,0,48,1
189,0.027413,1,0,21,1
150,0.075023,1,0,21,1
184,0.041461,1,0,21,1
149,0.021672,1,0,21,1
206,0.021334,1,0,50,1
209,0.072152,1,0,49,1
205,0.027997,1,0,50,1
204,0.016854,1,0,50,1
208,0.020940,1,0,49,1
212,0.027027,1,0,49,1
112,0.630500,1,0,14,2
108,0.434936,1,0,12,2
53,0.338061,1,0,11,2
44,0.440487,1,0,11,2
43,0.605092,1,0,11,2
105,0.204421,1,0,12,2
107,0.682373,1,0,12,2
52,0.292968,1,0,11,2
50,0.244840,1,0,11,2
106,0.487679,1,0,12,2
51,0.469136,1,0,11,2
32,0.423819,1,0,7,3
104,0.453983,1,0,12,2
33,0.496750,1,0,7,3
37,0.299608,1,0,10,3
49,0.238674,1,0,11,2
36,0.454829,1,0,10,3
41,0.375087,1,0,10,3
39,0.422913,1,0,10,3
38,0.371280,1,0,10,3
28,0.383825,1,0,9,3
24,0.497123,1,0,9,3
25,0.464114,1,0,9,3
23,0.360347,1,0,9,3
300,0.492449,1,0,46,4
271,0.156217,1,0,28,4
305,0.045668,1,0,44,4
304,0.089881,1,0,44,4
330,0.130984,1,0,32,4
323,0.499226,1,0,33,4
216,0.353520,1,0,29,4
270,0.302007,1,0,28,4
286,0.651614,1,0,34,4
285,0.703084,1,0,34,4
283,0.483362,1,0,30,4
284,0.662574,1,0,34,4
325,0.745253,1,0,33,4
324,0.495150,1,0,33,4
326,0.505645,1,0,33,4
301,0.496620,1,0,46,4
302,0.498224,1,0,46,4
296,0.495728,1,0,45,4
297,0.494712,1,0,45,4
295,0.504093,1,0,45,4
230,0.306231,1,0,26,4
260,0.430505,1,0,24,6
259,0.774770,1,0,24,6
258,1.290685,1,0,23,4
252,0.281574,1,0,23,4
251,0.333467,1,0,23,4
249,0.257511,1,0,23,4
362,0.514422,1,0,37,5
359,0.250743,1,0,37,5
361,0.875247,1,0,37,5
346,0.494863,1,0,42,5
355,0.710844,1,0,38,5
354,0.896056,1,0,38,5
353,0.901395,1,0,38,5
350,0.413914,1,0,41,5
339,0.347647,1,0,43,5
347,1.226716,1,0,42,5
348,0.483273,1,0,41,5
360,0.533907,1,0,37,5
363,0.998045,1,0,37,5
368,0.924323,1,0,36,5
303,0.460301,1,0,46,4
299,0.491471,1,0,45,4
334,0.492717,1,0,43,5
329,0.438157,1,0,33,4
369,0.624959,1,0,36,5
366,0.498150,1,0,36,5
364,0.553501,1,0,36,5
288,0.622137,1,0,34,4
358,0.497752,1,0,37,5
376,0.498607,1,0,35,4
377,0.503385,1,0,35,4
367,0.492535,1,0,36,5
371,0.379719,1,0,35,4
328,0.388064,1,0,33,4
314,0.362342,1,0,40,4
327,0.374056,1,0,33,4
289,0.621322,1,0,34,4
375,0.377015,1,0,35,4
378,0.512338,1,0,35,4
365,0.421551,1,0,36,5
374,0.489635,1,0,35,4
373,0.483593,1,0,35,4
357,0.498177,1,0,37,5
356,0.460039,1,0,37,5
320,0.364147,1,0,39,4
351,0.836416,1,0,41,5
372,0.458408,1,0,35,4
352,0.532244,1,0,38,5
290,0.940823,1,0,34,4
291,0.440217,1,0,34,4
319,0.319043,1,0,39,4
370,0.774131,1,0,35,4
322,0.516815,1,0,39,4
321,0.487048,1,0,39,4
318,0.671873,1,0,39,4
317,0.319287,1,0,40,4
316,0.497011,1,0,40,4
310,0.489402,1,0,44,4
349,0.732000,1,0,41,5
335,0.497872,1,0,43,5
338,0.654346,1,0,43,5
336,0.498040,1,0,43,5
337,0.500292,1,0,43,5
313,0.366371,1,0,40,4
311,0.493548,1,0,44,4
315,0.496656,1,0,40,4
306,0.464319,1,0,44,4
312,0.495564,1,0,44,4
308,0.423661,1,0,44,4
287,0.413973,1,0,34,4
220,0.517923,1,0,29,4
253,1.104136,1,0,249,6
250,0.370955,1,0,23,4
248,0.360365,1,0,23,4
246,0.457928,1,0,23,4
219,0.780890,1,0,29,4
247,0.719755,1,0,23,4
223,0.525712,1,0,25,4
222,0.225825,1,0,25,4
221,0.374536,1,0,29,4
224,0.671959,1,0,25,4
225,0.523784,1,0,25,4
226,0.601230,1,0,25,4
218,0.401503,1,0,29,4
307,0.286764,1,0,44,4
298,0.714662,1,0,45,4
155,0.094861,1,0,19,3
243,0.558940,1,0,22,4
82,0.126293,1,0,3,3
57,0.133849,1,0,1,3
56,0.296407,1,0,1,3
331,0.424531,1,0,32,4
333,0.603236,1,0,32,4
332,0.504156,1,0,32,4
86,0.751125,1,0,6,3
7,0.125123,1,0,5,3
65,0.609912,1,0,2,3
282,0.294208,1,0,30,4
280,0.444454,1,0,30,4
279,0.486645,1,0,30,4
272,0.240461,1,0,31,4
281,0.461063,1,0,30,4
277,0.527328,1,0,31,4
276,0.558316,1,0,31,4
278,0.510744,1,0,31,4
275,0.273151,1,0,31,4
81,0.455240,1,0,3,3
59,0.274930,1,0,1,3
80,0.221052,1,0,3,3
79,0.367367,1,0,3,3
156,0.136665,1,0,19,3
153,0.341134,1,0,19,3
159,0.390607,1,0,19,3
133,0.241047,1,0,18,2
132,0.406246,1,0,18,2
128,0.496405,1,0,18,2
127,0.623462,1,0,18,2
172,0.259920,1,0,20,1
158,0.110638,1,0,19,3
175,0.167870,1,0,20,1
154,0.186120,1,0,19,3
261,0.358614,1,0,28,4
231,0.083997,1,0,27,4
173,0.165392,1,0,20,1
194,0.093409,1,0,50,1
241,0.209503,1,0,22,4
242,0.282695,1,0,22,4
245,0.264324,1,0,22,4
257,0.660593,1,0,23,4
244,0.329898,1,0,22,4
256,0.582575,1,0,23,4
255,0.549451,1,0,23,4
240,0.159659,1,0,22,4
200,0.093362,1,0,51,1
238,0.216753,1,0,22,4
198,0.077735,1,0,51,1
254,0.217806,1,0,22,4
201,0.244709,1,0,51,4
199,0.077020,1,0,51,4
157,0.148886,1,0,19,3
152,0.484091,1,0,19,3
151,0.758824,1,0,19,3
265,0.220706,1,0,28,4
394,0.358487,1,0,19,3
274,0.186383,1,0,31,4
268,0.241444,1,0,28,4
273,0.226551,1,0,31,4
266,0.235234,1,0,28,4
269,0.266070,1,0,28,4
263,0.338601,1,0,28,4
267,0.280374,1,0,28,4
264,0.266661,1,0,28,4
233,0.440509,1,0,27,4
232,0.210848,1,0,27,4
262,0.310916,1,0,28,4
229,0.820450,1,0,26,4
217,0.687886,1,0,29,4
239,0.178484,1,0,22,4
237,0.250336,1,0,22,4
228,0.422312,1,0,26,4
227,0.402794,1,0,26,4
235,0.287007,1,0,27,4
234,0.646343,1,0,27,4
236,0.262597,1,0,27,4
70,0.266074,1,0,4,3
58,0.215621,1,0,1,3
74,0.703327,1,0,3,3
72,0.457173,1,0,4,3
73,0.368491,1,0,4,3
64,0.604081,1,0,2,3
69,0.329056,1,0,4,3
68,0.392182,1,0,4,3
294,0.504042,1,0,47,3
293,1.057679,1,0,47,3
55,0.357721,1,0,1,3
54,0.330245,1,0,1,3
292,1.112114,1,0,47,3
309,0.473825,1,0,44,4
345,0.980953,1,0,42,5
340,0.488813,1,0,43,5
341,0.492947,1,0,43,5
342,0.463807,1,0,42,5
343,0.493284,1,0,42,5
344,0.477633,1,0,42,5
61,0.231718,1,0,2,3
63,0.470911,1,0,2,3
67,0.281954,1,0,4,3
62,0.344393,1,0,2,3
60,0.391253,1,0,2,3
