coefficient_name,value,constrain
coef_nest_root,1.0,T
coef_nest_AUTO,0.72,T
coef_nest_AUTO_DRIVEALONE,0.35,T
coef_nest_AUTO_SHAREDRIDE2,0.35,T
coef_nest_AUTO_SHAREDRIDE3,0.35,T
coef_nest_NONMOTORIZED,0.72,T
coef_nest_TRANSIT,0.72,T
coef_nest_TRANSIT_WALKACCESS,0.5,T
coef_nest_TRANSIT_KNRACCESS,0.5,T
coef_nest_TRANSIT_PNRACCESS,0.5,T
coef_nest_SCHOOL_BUS,0.72,T
coef_nest_RIDEHAIL,0.36,T
coef_ivt_eatout_escort_othdiscr_othmaint_shopping_social,-0.0175,F
coef_ivt_school_univ,-0.0224,F
coef_ivt_work,-0.0134,F
coef_ivt_atwork,-0.0188,F
coef_age1619_da_multiplier_eatout_escort_othdiscr_othmaint_shopping_social_work,0.0,F
coef_age1619_da_multiplier_school_univ,-1.3813,F
coef_age1619_da_multiplier_atwork,0.0032336,F
coef_age010_trn_multiplier_eatout_escort_othdiscr_othmaint_shopping_social_work,0.0,F
coef_age010_trn_multiplier_school_univ,-1.5548,F
coef_age010_trn_multiplier_atwork,0.000722,F
coef_age16p_sr_multiplier_eatout_escort_othdiscr_othmaint_shopping_social,-1.366,F
coef_age16p_sr_multiplier_school_univ_work_atwork,0.0,F
coef_hhsize1_sr_multiplier_eatout_escort_othdiscr_othmaint_school_shopping_social_univ_atwork,0.0,F
coef_hhsize1_sr_multiplier_work,-0.734588,F
coef_hhsize2_sr_multiplier_eatout_escort_othdiscr_othmaint_shopping_social_work_atwork,0.0,F
coef_hhsize2_sr_multiplier_school_univ,-0.6359,F
walk_ASC_no_auto_eatout,6.698615976548321,F
walk_ASC_no_auto_escort,4.9576954798431725,F
walk_ASC_no_auto_othdiscr,4.840093276548321,F
walk_ASC_no_auto_othmaint,3.4437876798431746,F
walk_ASC_no_auto_school,12.764338915769592,F
walk_ASC_no_auto_shopping,4.533365979843173,F
walk_ASC_no_auto_social,3.441590176548321,F
walk_ASC_no_auto_univ,2.5620850477388135,F
walk_ASC_no_auto_work,6.564469397753461,F
walk_ASC_no_auto_atwork,1.402257758815581,F
walk_ASC_auto_deficient_eatout,2.9883953229138576,F
walk_ASC_auto_deficient_escort,-1.6138009042594275,F
walk_ASC_auto_deficient_othdiscr,1.963197822913859,F
walk_ASC_auto_deficient_othmaint,0.6572860557405726,F
walk_ASC_auto_deficient_school,1.3734516943885855,F
walk_ASC_auto_deficient_shopping,1.5584189557405725,F
walk_ASC_auto_deficient_social,2.583974322913859,F
walk_ASC_auto_deficient_univ,8.440011803448716,F
walk_ASC_auto_deficient_work,2.83460400839877,F
walk_ASC_auto_deficient_atwork,-6.524417936577439,F
walk_ASC_auto_sufficient_eatout,1.9848784511822672,F
walk_ASC_auto_sufficient_escort,-1.6947091515059611,F
walk_ASC_auto_sufficient_othdiscr,1.6965357511822674,F
walk_ASC_auto_sufficient_othmaint,-0.08313915150596134,F
walk_ASC_auto_sufficient_school,-1.1840556366017507,F
walk_ASC_auto_sufficient_shopping,-0.15183625150596125,F
walk_ASC_auto_sufficient_social,2.140406751182266,F
walk_ASC_auto_sufficient_univ,8.024187187576297,F
walk_ASC_auto_sufficient_work,-0.2740987018447138,F
walk_ASC_auto_sufficient_atwork,0.8270075699404089,F
bike_ASC_no_auto_eatout,0.8292815401720345,F
bike_ASC_no_auto_escort,-2.4378053873033423,F
bike_ASC_no_auto_othdiscr,-0.4152126198279652,F
bike_ASC_no_auto_othmaint,-0.18215998730334096,F
bike_ASC_no_auto_school,0.0,F
bike_ASC_no_auto_shopping,-0.8874378873033414,F
bike_ASC_no_auto_social,-0.018206209827964937,F
bike_ASC_no_auto_univ,0.7362364543589746,F
bike_ASC_no_auto_work,2.515136393268106,F
bike_ASC_no_auto_atwork,13.122482266573579,F
bike_ASC_auto_deficient_eatout,-1.0133068734190613,F
bike_ASC_auto_deficient_escort,-3.867313723361938,F
bike_ASC_auto_deficient_othdiscr,0.4633353865809377,F
bike_ASC_auto_deficient_othmaint,-0.8578506233619372,F
bike_ASC_auto_deficient_school,-0.7544300810087093,F
bike_ASC_auto_deficient_shopping,-0.21523038336193645,F
bike_ASC_auto_deficient_social,1.1903251265809383,F
bike_ASC_auto_deficient_univ,1.017401802859898,F
bike_ASC_auto_deficient_work,0.2005250231788715,F
bike_ASC_auto_deficient_atwork,-18.0,F
bike_ASC_auto_sufficient_eatout,-1.2590102087801158,F
bike_ASC_auto_sufficient_escort,-4.588549367848563,F
bike_ASC_auto_sufficient_othdiscr,-1.1301228087801156,F
bike_ASC_auto_sufficient_othmaint,-2.3337433678485633,F
bike_ASC_auto_sufficient_school,-2.98826133215435,F
bike_ASC_auto_sufficient_shopping,-2.0916512678485635,F
bike_ASC_auto_sufficient_social,-1.4267341087801155,F
bike_ASC_auto_sufficient_univ,0.15423297012214637,F
bike_ASC_auto_sufficient_work,-1.9379105016379465,F
bike_ASC_auto_sufficient_atwork,-0.27018315357470396,F
sr2_ASC_auto_deficient_eatout,0.2548980319279721,F
sr2_ASC_auto_deficient_escort,0.6103497702470568,F
sr2_ASC_auto_deficient_othdiscr,0.3268148319279722,F
sr2_ASC_auto_deficient_othmaint,0.8725024702470565,F
sr2_ASC_auto_deficient_school,-0.03324368035310089,F
sr2_ASC_auto_deficient_shopping,0.8544473302470568,F
sr2_ASC_auto_deficient_social,1.522516331927973,F
sr2_ASC_auto_deficient_univ,-0.14182335959969877,F
sr2_ASC_auto_deficient_work,-0.3474382644735453,F
sr2_ASC_auto_deficient_atwork,-12.839717912562163,F
sr2_ASC_auto_sufficient_eatout,0.805802470191663,F
sr2_ASC_auto_sufficient_escort,0.07963186063378436,F
sr2_ASC_auto_sufficient_othdiscr,0.4398430901916628,F
sr2_ASC_auto_sufficient_othmaint,0.3378106906337847,F
sr2_ASC_auto_sufficient_school,-1.8895223072542822,F
sr2_ASC_auto_sufficient_shopping,0.27733893063378473,F
sr2_ASC_auto_sufficient_social,0.4665994201916628,F
sr2_ASC_auto_sufficient_univ,-0.7377068365549945,F
sr2_ASC_auto_sufficient_work,-0.7557334491630049,F
sr2_ASC_auto_sufficient_atwork,-1.6701640720612412,F
sr3p_ASC_no_auto_eatout,2.1234556324534855,F
sr3p_ASC_no_auto_escort,0.2301279958911179,F
sr3p_ASC_no_auto_othdiscr,2.0736248524534875,F
sr3p_ASC_no_auto_othmaint,1.2398692958911188,F
sr3p_ASC_no_auto_school,9.508285016034062,F
sr3p_ASC_no_auto_shopping,1.763265215891118,F
sr3p_ASC_no_auto_social,0.39776563245348734,F
sr3p_ASC_no_auto_univ,-0.4504540114529543,F
sr3p_ASC_no_auto_work,-1.2494152147120545,F
sr3p_ASC_no_auto_atwork,-0.6498028773451562,F
sr3p_ASC_auto_deficient_eatout,0.09555616384359204,F
sr3p_ASC_auto_deficient_escort,0.4074936303028109,F
sr3p_ASC_auto_deficient_othdiscr,1.0966004038435933,F
sr3p_ASC_auto_deficient_othmaint,-0.5337112096971887,F
sr3p_ASC_auto_deficient_school,0.4952609648862065,F
sr3p_ASC_auto_deficient_shopping,0.7423111243028113,F
sr3p_ASC_auto_deficient_social,1.550228103843593,F
sr3p_ASC_auto_deficient_univ,0.12546898860942857,F
sr3p_ASC_auto_deficient_work,-0.8424093266113594,F
sr3p_ASC_auto_deficient_atwork,-12.689549479313884,F
sr3p_ASC_auto_sufficient_eatout,0.6107164378449438,F
sr3p_ASC_auto_sufficient_escort,0.019922499068299883,F
sr3p_ASC_auto_sufficient_othdiscr,0.35235888784494346,F
sr3p_ASC_auto_sufficient_othmaint,0.0018363590683002826,F
sr3p_ASC_auto_sufficient_school,-1.2863846996403625,F
sr3p_ASC_auto_sufficient_shopping,-0.00023626593169971764,F
sr3p_ASC_auto_sufficient_social,0.27003569784494336,F
sr3p_ASC_auto_sufficient_univ,-0.929343057836338,F
sr3p_ASC_auto_sufficient_work,-1.4008045664073565,F
sr3p_ASC_auto_sufficient_atwork,-2.1203969434784185,F
walk_transit_ASC_no_auto_eatout,1.3383209558493367,F
walk_transit_ASC_no_auto_escort,-2.5334170100573488,F
walk_transit_ASC_no_auto_othdiscr,0.9884626558493365,F
walk_transit_ASC_no_auto_othmaint,1.425716745942652,F
walk_transit_ASC_no_auto_school,8.148105563432992,F
walk_transit_ASC_no_auto_shopping,1.790538689942652,F
walk_transit_ASC_no_auto_social,0.12614925584933695,F
walk_transit_ASC_no_auto_univ,0.0836161402888587,F
walk_transit_ASC_no_auto_work,3.4601724969543466,F
walk_transit_ASC_no_auto_atwork,-3.326235629493983,F
walk_transit_ASC_auto_deficient_eatout,-0.15537804350943,F
walk_transit_ASC_auto_deficient_escort,-2.3936272731987547,F
walk_transit_ASC_auto_deficient_othdiscr,0.8366735964905696,F
walk_transit_ASC_auto_deficient_othmaint,-0.49264907319875434,F
walk_transit_ASC_auto_deficient_school,2.4281379103901,F
walk_transit_ASC_auto_deficient_shopping,1.7194198268012455,F
walk_transit_ASC_auto_deficient_social,0.8580300664905696,F
walk_transit_ASC_auto_deficient_univ,2.027436089566085,F
walk_transit_ASC_auto_deficient_work,1.6718485591928829,F
walk_transit_ASC_auto_deficient_atwork,-13.492691524153177,F
walk_transit_ASC_auto_sufficient_eatout,-3.3453299068266302,F
walk_transit_ASC_auto_sufficient_escort,-6.176653757676887,F
walk_transit_ASC_auto_sufficient_othdiscr,-3.0390072368266297,F
walk_transit_ASC_auto_sufficient_othmaint,-2.7889239546768865,F
walk_transit_ASC_auto_sufficient_school,-2.8519206467353806,F
walk_transit_ASC_auto_sufficient_shopping,-3.445486554676888,F
walk_transit_ASC_auto_sufficient_social,-2.57801520682663,F
walk_transit_ASC_auto_sufficient_univ,0.3265753584831905,F
walk_transit_ASC_auto_sufficient_work,-2.5258241625173588,F
walk_transit_ASC_auto_sufficient_atwork,-4.560396738967353,F
ridehail_ASC_no_auto_eatout,-2.0079455386028044,F
ridehail_ASC_no_auto_escort,-0.23715074855622262,F
ridehail_ASC_no_auto_othdiscr,-2.0079455386028044,F
ridehail_ASC_no_auto_othmaint,-0.23715074855622262,F
ridehail_ASC_no_auto_school,0.0,F
ridehail_ASC_no_auto_shopping,-0.23715074855622262,F
ridehail_ASC_no_auto_social,-2.0079455386028044,F
ridehail_ASC_no_auto_univ,-4.0,F
ridehail_ASC_no_auto_work,-4.890720889403421,F
ridehail_ASC_no_auto_atwork,-7.544846851116471,F
ridehail_ASC_auto_deficient_eatout,2.280461994854919,F
ridehail_ASC_auto_deficient_escort,-4.449664002769767,F
ridehail_ASC_auto_deficient_othdiscr,2.280461994854919,F
ridehail_ASC_auto_deficient_othmaint,-4.449664002769767,F
ridehail_ASC_auto_deficient_school,-8.0,F
ridehail_ASC_auto_deficient_shopping,-4.449664002769767,F
ridehail_ASC_auto_deficient_social,2.280461994854919,F
ridehail_ASC_auto_deficient_univ,-4.882366557596634,F
ridehail_ASC_auto_deficient_work,-0.7663221212755358,F
ridehail_ASC_auto_deficient_atwork,-9.82344847076531,F
ridehail_ASC_auto_sufficient_eatout,1.2321659277353416,F
ridehail_ASC_auto_sufficient_escort,-3.829137053167119,F
ridehail_ASC_auto_sufficient_othdiscr,1.2321659277353416,F
ridehail_ASC_auto_sufficient_othmaint,-3.829137053167119,F
ridehail_ASC_auto_sufficient_school,-10.0,F
ridehail_ASC_auto_sufficient_shopping,-3.829137053167119,F
ridehail_ASC_auto_sufficient_social,1.2321659277353416,F
ridehail_ASC_auto_sufficient_univ,-3.10544968975486,F
ridehail_ASC_auto_sufficient_work,-1.0870105986636949,F
ridehail_ASC_auto_sufficient_atwork,-1.1723158531727398,F
joint_walk_ASC_no_auto_all,-0.2680860883183284,F
joint_walk_ASC_auto_deficient_all,0.6962762147310587,F
joint_walk_ASC_auto_sufficient_all,-2.047177809420919,F
joint_bike_ASC_no_auto_all,-2.2951358964828774,F
joint_bike_ASC_auto_deficient_all,-2.5281293771203286,F
joint_bike_ASC_auto_sufficient_all,-5.584376496871695,F
joint_sr2_ASC_no_auto_all,0.0,T
joint_sr2_ASC_auto_deficient_all,0.0,T
joint_sr2_ASC_auto_sufficient_all,0.0,T
joint_sr3p_ASC_no_auto_all,-1.0189506482664163,F
joint_sr3p_ASC_auto_deficient_all,-1.5804758946372546,F
joint_sr3p_ASC_auto_sufficient_all,-2.523191334352296,F
joint_walk_transit_ASC_no_auto_all,-1.849540599970613,F
joint_walk_transit_ASC_auto_deficient_all,-4.4768346443625875,F
joint_walk_transit_ASC_auto_sufficient_all,-7.361909066972458,F
walk_transit_CBD_ASC_eatout_escort_othdiscr_othmaint_shopping_social,0.525,F
walk_transit_CBD_ASC_school_univ,0.672,F
walk_transit_CBD_ASC_work,0.804,F
walk_transit_CBD_ASC_atwork,0.564,F
drive_transit_CBD_ASC_eatout_escort_othdiscr_othmaint_shopping_social,0.525,F
drive_transit_CBD_ASC_school_univ,0.672,F
drive_transit_CBD_ASC_work,1.1,F
drive_transit_CBD_ASC_atwork,0.564,F
joint_knr_transit_ASC_auto_deficient_all,-3.438366194312367,F
joint_knr_transit_ASC_auto_sufficient_all,-4.874017430131527,F
joint_knr_transit_ASC_no_auto_all,0.7300509141688647,F
joint_pnr_transit_ASC_auto_deficient_all,-8.231411475481156,F
joint_pnr_transit_ASC_auto_sufficient_all,-11.848289121249058,F
joint_pnr_transit_ASC_no_auto_all,0.0,T
knr_transit_ASC_auto_deficient_atwork,-1.9399932861171254,F
knr_transit_ASC_auto_deficient_eatout,-1.2106306169467667,F
knr_transit_ASC_auto_deficient_escort,-2.568862115375934,F
knr_transit_ASC_auto_deficient_othdiscr,-0.21857897694676567,F
knr_transit_ASC_auto_deficient_othmaint,-0.6678839153759344,F
knr_transit_ASC_auto_deficient_school,3.3978043428970928,F
knr_transit_ASC_auto_deficient_shopping,1.5441849846240654,F
knr_transit_ASC_auto_deficient_social,-0.19722250694676588,F
knr_transit_ASC_auto_deficient_univ,-1.692037454533594,F
knr_transit_ASC_auto_deficient_work,-0.9265283206505281,F
knr_transit_ASC_auto_sufficient_atwork,-8.401027,F
knr_transit_ASC_auto_sufficient_eatout,-4.2085118512760635,F
knr_transit_ASC_auto_sufficient_escort,-6.838218715967826,F
knr_transit_ASC_auto_sufficient_othdiscr,-3.9021891812760625,F
knr_transit_ASC_auto_sufficient_othmaint,-3.4504889159678274,F
knr_transit_ASC_auto_sufficient_school,-2.277428388052357,F
knr_transit_ASC_auto_sufficient_shopping,-4.107051515967827,F
knr_transit_ASC_auto_sufficient_social,-3.4411971512760617,F
knr_transit_ASC_auto_sufficient_univ,-5.319530792828083,F
knr_transit_ASC_auto_sufficient_work,-4.9329510955914415,F
knr_transit_ASC_no_auto_atwork,12.62458963472672,F
knr_transit_ASC_no_auto_eatout,-0.08063934262712624,F
knr_transit_ASC_no_auto_escort,0.33441781405119336,F
knr_transit_ASC_no_auto_othdiscr,-0.08063934262712624,F
knr_transit_ASC_no_auto_othmaint,0.33441781405119336,F
knr_transit_ASC_no_auto_school,8.739911937792566,F
knr_transit_ASC_no_auto_shopping,0.33441781405119336,F
knr_transit_ASC_no_auto_social,-0.08063934262712624,F
knr_transit_ASC_no_auto_univ,-2.2395246078121738,F
knr_transit_ASC_no_auto_work,1.4015455237917531,F
local_ASC_eatout_escort_othdiscr_othmaint_shopping_social_atwork,0.0,F
local_ASC_school_univ,0.0,F
local_ASC_work,0.0,F
mix_ASC_eatout_escort_othdiscr_othmaint_shopping_social_atwork,0.0,F
mix_ASC_school_univ,0.0,F
mix_ASC_work,0.0,F
pnr_transit_ASC_auto_deficient_atwork,-998.8196,F
pnr_transit_ASC_auto_deficient_eatout,-0.8460417618850737,F
pnr_transit_ASC_auto_deficient_escort,-1.6507532793754762,F
pnr_transit_ASC_auto_deficient_othdiscr,-1.125917061885074,F
pnr_transit_ASC_auto_deficient_othmaint,-0.7964788593754759,F
pnr_transit_ASC_auto_deficient_school,0.2624050266413006,F
pnr_transit_ASC_auto_deficient_shopping,-0.9155383593754757,F
pnr_transit_ASC_auto_deficient_social,0.11687163811492657,F
pnr_transit_ASC_auto_deficient_univ,0.9423110576675581,F
pnr_transit_ASC_auto_deficient_work,-1.2214924813253423,F
pnr_transit_ASC_auto_sufficient_atwork,-999.21466,F
pnr_transit_ASC_auto_sufficient_eatout,-3.7901885568865494,F
pnr_transit_ASC_auto_sufficient_escort,-6.841169450781741,F
pnr_transit_ASC_auto_sufficient_othdiscr,-3.1992643968865484,F
pnr_transit_ASC_auto_sufficient_othmaint,-4.8646925507817445,F
pnr_transit_ASC_auto_sufficient_school,-2.327712780106621,F
pnr_transit_ASC_auto_sufficient_shopping,-4.411638550781741,F
pnr_transit_ASC_auto_sufficient_social,-3.4365284468865487,F
pnr_transit_ASC_auto_sufficient_univ,-0.3928019396668135,F
pnr_transit_ASC_auto_sufficient_work,-2.8393215543894885,F
pnr_transit_ASC_no_auto_atwork,0.0,F
pnr_transit_ASC_no_auto_eatout,0.0,F
pnr_transit_ASC_no_auto_escort,0.0,F
pnr_transit_ASC_no_auto_othdiscr,0.0,F
pnr_transit_ASC_no_auto_othmaint,0.0,F
pnr_transit_ASC_no_auto_school,0.0,F
pnr_transit_ASC_no_auto_shopping,0.0,F
pnr_transit_ASC_no_auto_social,0.0,F
pnr_transit_ASC_no_auto_univ,0.0,F
pnr_transit_ASC_no_auto_work,0.0,F
premium_ASC_eatout_escort_othdiscr_othmaint_shopping_social_atwork,0.0,F
premium_ASC_school_univ,0.0,F
premium_ASC_work,0.0,F
schoolbus_ASC_auto_deficient_school,0.6944672869239655,F
schoolbus_ASC_auto_sufficient_school,-1.2865949994659802,F
schoolbus_ASC_no_auto_school,9.93967431187934,F
schoolbus_ASC_not_school,0.0,T
sr2_ASC_no_auto_atwork,-0.5359920537531141,F
sr2_ASC_no_auto_eatout,1.3776086354097141,F
sr2_ASC_no_auto_escort,1.5828523355124309,F
sr2_ASC_no_auto_othdiscr,1.3776086354097141,F
sr2_ASC_no_auto_othmaint,1.5828523355124309,F
sr2_ASC_no_auto_school,8.014464470436078,F
sr2_ASC_no_auto_shopping,1.5828523355124309,F
sr2_ASC_no_auto_social,1.3776086354097141,F
sr2_ASC_no_auto_univ,0.1463438859204894,F
sr2_ASC_no_auto_work,0.5495163418451667,F
taxi_ASC_no_auto_eatout_othdiscr_social,0.9923,F
taxi_ASC_no_auto_escort_othmaint_shopping,1.8939,F
taxi_ASC_no_auto_school_univ,-7.0,T
taxi_ASC_no_auto_work,4.7291,F
taxi_ASC_no_auto_atwork,4.1021,F
taxi_ASC_auto_deficient_eatout_othdiscr_social,-3.1317,F
taxi_ASC_auto_deficient_escort_othmaint_shopping,0.1766,F
taxi_ASC_auto_deficient_school,-0.3338,F
taxi_ASC_auto_deficient_univ,4.2492,F
taxi_ASC_auto_deficient_work,-1.4766,F
taxi_ASC_auto_deficient_atwork,-4.4046,F
taxi_ASC_auto_sufficient_eatout_othdiscr_social,-3.0374,F
taxi_ASC_auto_sufficient_escort_othmaint_shopping,-1.8055,F
taxi_ASC_auto_sufficient_school,-2.4294,F
taxi_ASC_auto_sufficient_univ,-0.3131,F
taxi_ASC_auto_sufficient_work,-4.8509,F
taxi_ASC_auto_sufficient_atwork,-2.8804,F
tnc_single_ASC_no_auto_eatout_othdiscr_social,1.6852,F
tnc_single_ASC_no_auto_escort_othmaint_shopping,1.8605,F
tnc_single_ASC_no_auto_school,-7.0,T
tnc_single_ASC_no_auto_univ,-2.519,F
tnc_single_ASC_no_auto_work,5.7855,F
tnc_single_ASC_no_auto_atwork,4.4982,F
tnc_single_ASC_auto_deficient_eatout_othdiscr_social,-2.9623,F
tnc_single_ASC_auto_deficient_escort_othmaint_shopping,0.6748,F
tnc_single_ASC_auto_deficient_school,-0.5524,F
tnc_single_ASC_auto_deficient_univ,1.0221,F
tnc_single_ASC_auto_deficient_work,-0.8013,F
tnc_single_ASC_auto_deficient_atwork,-3.7626,F
tnc_single_ASC_auto_sufficient_eatout_othdiscr_social,-2.3239,F
tnc_single_ASC_auto_sufficient_escort_othmaint_shopping,-1.45,F
tnc_single_ASC_auto_sufficient_school,-2.8375,F
tnc_single_ASC_auto_sufficient_univ,0.2088,F
tnc_single_ASC_auto_sufficient_work,-4.1946,F
tnc_single_ASC_auto_sufficient_atwork,-2.7988,F
tnc_shared_ASC_no_auto_eatout_othdiscr_social,0.6464,F
tnc_shared_ASC_no_auto_escort_othmaint_shopping,0.9361,F
tnc_shared_ASC_no_auto_school,-7.0,T
tnc_shared_ASC_no_auto_univ,-5.8116,F
tnc_shared_ASC_no_auto_work,3.2429,F
tnc_shared_ASC_no_auto_atwork,3.3672,F
tnc_shared_ASC_auto_deficient_eatout_othdiscr_social,-4.3576,F
tnc_shared_ASC_auto_deficient_escort_othmaint_shopping,-0.3863,F
tnc_shared_ASC_auto_deficient_school,-1.4746,F
tnc_shared_ASC_auto_deficient_univ,3.25,F
tnc_shared_ASC_auto_deficient_work,-2.1435,F
tnc_shared_ASC_auto_deficient_atwork,-4.5089,F
tnc_shared_ASC_auto_sufficient_eatout_othdiscr_social,-3.6638,F
tnc_shared_ASC_auto_sufficient_escort_othmaint_shopping,-2.4365,F
tnc_shared_ASC_auto_sufficient_school,-3.7219,F
tnc_shared_ASC_auto_sufficient_univ,-0.9068,F
tnc_shared_ASC_auto_sufficient_work,-5.3575,F
tnc_shared_ASC_auto_sufficient_atwork,-3.5397,F
joint_ridehail_ASC_no_auto_all,-4.0,F
joint_ridehail_ASC_auto_deficient_all,5.5528558591892265,F
joint_ridehail_ASC_auto_sufficient_all,7.6721864433339455,F
joint_taxi_ASC_no_auto_all,-4.5792,F
joint_taxi_ASC_auto_deficient_all,-9.8157,F
joint_taxi_ASC_auto_sufficient_all,-11.7099,T
joint_tnc_single_ASC_no_auto_all,-4.4917,F
joint_tnc_single_ASC_auto_deficient_all,-9.8961,F
joint_tnc_single_ASC_auto_sufficient_all,-14.0159,T
joint_tnc_shared_ASC_no_auto_all,-4.3002,F
joint_tnc_shared_ASC_auto_deficient_all,-11.1572,F
joint_tnc_shared_ASC_auto_sufficient_all,-13.205,T
walk_transit_ASC_inc_low_eatout,0.8537271445942503,F
walk_transit_ASC_inc_low_escort,1.1445256374395691,F
walk_transit_ASC_inc_low_othdiscr,0.8537271445942503,F
walk_transit_ASC_inc_low_othmaint,1.1445256374395691,F
walk_transit_ASC_inc_low_school,1.5164968270355137,F
walk_transit_ASC_inc_low_shopping,1.1445256374395691,F
walk_transit_ASC_inc_low_social,0.8537271445942503,F
walk_transit_ASC_inc_low_univ,3.564794884963562,F
walk_transit_ASC_inc_low_work,2.41583977470014,F
walk_transit_ASC_inc_low_atwork,1.402131554047207,F
walk_transit_ASC_inc_mid_eatout,-0.6368283381432147,F
walk_transit_ASC_inc_mid_escort,0.0007089320342569573,F
walk_transit_ASC_inc_mid_othdiscr,-0.6368283381432147,F
walk_transit_ASC_inc_mid_othmaint,0.0007089320342569573,F
walk_transit_ASC_inc_mid_school,-0.8483379646775377,F
walk_transit_ASC_inc_mid_shopping,0.0007089320342569573,F
walk_transit_ASC_inc_mid_social,-0.6368283381432147,F
walk_transit_ASC_inc_mid_univ,-1.7464606123185653,F
walk_transit_ASC_inc_mid_work,0.10839949260428744,F
walk_transit_ASC_inc_mid_atwork,-2.316511570358352,F
walk_transit_ASC_inc_high_eatout,-2.641664205698465,F
walk_transit_ASC_inc_high_escort,-3.2021747403509293,F
walk_transit_ASC_inc_high_othdiscr,-2.641664205698465,F
walk_transit_ASC_inc_high_othmaint,-3.2021747403509293,F
walk_transit_ASC_inc_high_school,-4.5910837988075315,F
walk_transit_ASC_inc_high_shopping,-3.2021747403509293,F
walk_transit_ASC_inc_high_social,-2.641664205698465,F
walk_transit_ASC_inc_high_univ,-1.5019884516474196,F
walk_transit_ASC_inc_high_work,-3.399010648531745,F
walk_transit_ASC_inc_high_atwork,-7.323408004055255,F
pnr_transit_ASC_inc_low_eatout,2.760473595205861,F
pnr_transit_ASC_inc_low_escort,1.746772865925894,F
pnr_transit_ASC_inc_low_othdiscr,2.760473595205861,F
pnr_transit_ASC_inc_low_othmaint,1.746772865925894,F
pnr_transit_ASC_inc_low_school,1.4219897514274842,F
pnr_transit_ASC_inc_low_shopping,1.746772865925894,F
pnr_transit_ASC_inc_low_social,2.760473595205861,F
pnr_transit_ASC_inc_low_univ,-0.03477222342593767,F
pnr_transit_ASC_inc_low_work,1.0857890878555696,F
pnr_transit_ASC_inc_low_atwork,0.0,F
pnr_transit_ASC_inc_mid_eatout,0.44835071419700334,F
pnr_transit_ASC_inc_mid_escort,-0.3720697185051036,F
pnr_transit_ASC_inc_mid_othdiscr,0.44835071419700334,F
pnr_transit_ASC_inc_mid_othmaint,-0.3720697185051036,F
pnr_transit_ASC_inc_mid_school,0.7232305345215646,F
pnr_transit_ASC_inc_mid_shopping,-0.3720697185051036,F
pnr_transit_ASC_inc_mid_social,0.44835071419700334,F
pnr_transit_ASC_inc_mid_univ,-0.8342500909051394,F
pnr_transit_ASC_inc_mid_work,0.4971095360167924,F
pnr_transit_ASC_inc_mid_atwork,98.0,F
pnr_transit_ASC_inc_high_eatout,-0.559702559337097,F
pnr_transit_ASC_inc_high_escort,-1.9489780966418975,F
pnr_transit_ASC_inc_high_othdiscr,-0.559702559337097,F
pnr_transit_ASC_inc_high_othmaint,-1.9489780966418975,F
pnr_transit_ASC_inc_high_school,1.0574569570799806,F
pnr_transit_ASC_inc_high_shopping,-1.9489780966418975,F
pnr_transit_ASC_inc_high_social,-0.559702559337097,F
pnr_transit_ASC_inc_high_univ,-0.9194256954880287,F
pnr_transit_ASC_inc_high_work,-0.9663829607647634,F
pnr_transit_ASC_inc_high_atwork,0.0,F
knr_transit_ASC_inc_low_eatout,-0.32195948528727314,F
knr_transit_ASC_inc_low_escort,0.5694582311073918,F
knr_transit_ASC_inc_low_othdiscr,-0.32195948528727314,F
knr_transit_ASC_inc_low_othmaint,0.5694582311073918,F
knr_transit_ASC_inc_low_school,0.8419467151591435,F
knr_transit_ASC_inc_low_shopping,0.5694582311073918,F
knr_transit_ASC_inc_low_social,-0.32195948528727314,F
knr_transit_ASC_inc_low_univ,1.7023602617158298,F
knr_transit_ASC_inc_low_work,1.2173274202566255,F
knr_transit_ASC_inc_low_atwork,-14.0,F
knr_transit_ASC_inc_mid_eatout,-2.295626661185059,F
knr_transit_ASC_inc_mid_escort,-0.8325222424166051,F
knr_transit_ASC_inc_mid_othdiscr,-2.295626661185059,F
knr_transit_ASC_inc_mid_othmaint,-0.8325222424166051,F
knr_transit_ASC_inc_mid_school,-1.7394901765668243,F
knr_transit_ASC_inc_mid_shopping,-0.8325222424166051,F
knr_transit_ASC_inc_mid_social,-2.295626661185059,F
knr_transit_ASC_inc_mid_univ,-0.5538932151748341,F
knr_transit_ASC_inc_mid_work,-0.7515343507640626,F
knr_transit_ASC_inc_mid_atwork,-14.403717708464251,F
knr_transit_ASC_inc_high_eatout,-3.5835299386588284,F
knr_transit_ASC_inc_high_escort,-4.285362581156317,F
knr_transit_ASC_inc_high_othdiscr,-3.5835299386588284,F
knr_transit_ASC_inc_high_othmaint,-4.285362581156317,F
knr_transit_ASC_inc_high_school,-6.371606785197679,F
knr_transit_ASC_inc_high_shopping,-4.285362581156317,F
knr_transit_ASC_inc_high_social,-3.5835299386588284,F
knr_transit_ASC_inc_high_univ,-1.823681822825886,F
knr_transit_ASC_inc_high_work,-4.199884994128956,F
knr_transit_ASC_inc_high_atwork,-20.0,F
joint_walk_transit_ASC_inc_low_all,0.9902622562199078,F
joint_walk_transit_ASC_inc_mid_all,0.29408116107665416,F
joint_walk_transit_ASC_inc_high_all,-2.5012074173502623,F
joint_pnr_transit_ASC_inc_low_all,2.2709570395162597,F
joint_pnr_transit_ASC_inc_mid_all,1.265073140721172,F
joint_pnr_transit_ASC_inc_high_all,-0.16078531989967537,F
joint_knr_transit_ASC_inc_low_all,-1.062773520849075,F
joint_knr_transit_ASC_inc_mid_all,-2.24477545203605,F
joint_knr_transit_ASC_inc_high_all,-3.411771989401589,F
coef_transit_district15_univ,-1.5,T
coef_transit_district15_work,1.0,T
coef_transit_district15_school,1.0,T
coef_transit_district15_escort,1.0,T
coef_transit_district15_shopping,1.0,T
coef_transit_district15_eatout,1.0,T
coef_transit_district15_othmaint,1.0,T
coef_transit_district15_social,1.0,T
coef_transit_district15_othdiscr,1.0,T
coef_transit_district15_atwork,1.0,T