TAZ,StationGroup,StationName,StationType,XI,IX,XIIX,ExtGen,ExtAttr,F_BUFFER_MI,F_BUFFER_OH,F_BUFFER_CAN,F_OTHER_MI,F_Mexico,F_US_Central,F_US_East,F_US_South,F_US_West,F_Canada_West,F_Canada_East,F_Canada_ON,F_Canada_QC,ExtLongHaul,ExtShortHaul
2812,Ohio,Other Road,Other Road,10.8440752476454,10.7969573959708,21.6410326436162,10.8205163218081,10.8205163218081,0,0.00213604448292579,0,0,0,0,0,0,0,0,0,0,0,0,10.8205163218081
2813,Ohio,I-75 S,Major Highway,8643.2439003028,8778.03557508439,17421.2794753872,8710.63973769359,8710.63973769359,0,0.474176985808151,0,0,0.528533489322948,0.528533489322948,0.528533489322948,0.528533489322948,0,0,0,0,0,6308.61119597754,2402.02854171606
2814,Ohio,Other Road,Other Road,6.95764218159638,7.00972871753402,13.9673708991304,6.9836854495652,6.9836854495652,0,0.00137862763027006,0,0,0,0,0,0,0,0,0,0,0,0,6.9836854495652
2815,Ohio,Other Road,Other Road,133.121872030199,135.60772154294,268.729593573138,134.364796786569,134.364796786569,0,0.0265245367540314,0,0,0,0,0,0,0,0,0,0,0,0,134.364796786569
2816,Ohio,Other Road,Other Road,110.932121755555,111.606269938871,222.538391694427,111.269195847213,111.269195847213,0,0.0219653059835978,0,0,0,0,0,0,0,0,0,0,0,0,111.269195847213
2817,Ohio,Other Road,Other Road,27.1303954292089,27.329483538866,54.4598789680749,27.2299394840375,27.2299394840375,0,0.00537537768766677,0,0,0,0,0,0,0,0,0,0,0,0,27.2299394840375
2818,Ohio,Other Road,Other Road,3.40962007082999,3.92211984656751,7.3317399173975,3.66586995869875,3.66586995869875,0,0.000723667990280652,0,0,0,0,0,0,0,0,0,0,0,0,3.66586995869875
2819,Ohio,Other Road,Other Road,2.8282114090398,2.95924600958824,5.78745741862804,2.89372870931402,2.89372870931402,0,0.000571241987053471,0,0,0,0,0,0,0,0,0,0,0,0,2.89372870931402
2820,Ohio,Other Road,Other Road,43.9138004519045,43.4066035989672,87.3204040508717,43.6602020254359,43.6602020254359,0,0.00861882472945375,0,0,0,0,0,0,0,0,0,0,0,0,43.6602020254359
2821,Ohio,Other Road,Other Road,0.101415005279705,0.11084895953536,0.212263964815065,0.106131982407533,0.106131982407533,0,2.09511846515754e-05,0,0,0,0,0,0,0,0,0,0,0,0,0.106131982407533
2822,Ohio,Other Road,Other Road,1.76868095900863,1.91918256320059,3.68786352220923,1.84393176110461,1.84393176110461,0,0.000364004835634404,0,0,0,0,0,0,0,0,0,0,0,0,1.84393176110461
2823,Ohio,US-23 S,Major Highway,2805.75340947695,3055.16655306332,5860.91996254027,2930.45998127013,2930.45998127013,0,0.159524067438703,0,0,0.177810848096453,0.177810848096453,0.177810848096453,0.177810848096453,0,0,0,0,0,2122.36221493646,808.097766333678
2824,Ohio,Other Road,Other Road,3.51171343028545,3.23006081581116,6.74177424609661,3.37088712304831,3.37088712304831,0,0.000665436345883146,0,0,0,0,0,0,0,0,0,0,0,0,3.37088712304831
2825,Ohio,Other Road,Other Road,22.5321471616626,21.0252438262105,43.5573909878731,21.7786954939365,21.7786954939365,0,0.00429926456109909,0,0,0,0,0,0,0,0,0,0,0,0,21.7786954939365
2826,Michigan,Other Road,Other Road,0.178571511059999,0.178571511059999,0.357143022119999,0.178571511059999,0.178571511059999,4.31682008530406e-05,0,0,0,0,0,0,0,0,0,0,0,0,0,0.178571511059999
2827,Michigan,Other Road,Other Road,0,0,0,0,0,0,0,0,0,0,0,0,0,0,0,0,0,0,0,0
2828,Michigan,US-223 W,Major Highway,265.796560106799,181.30023749359,447.096797600389,223.548398800194,223.548398800194,0.0149962059330561,0,0,0.0273293806197615,0,0,0,0,0,0,0,0,0,161.514422384331,62.0339764158631
2829,Michigan,Other Road,Other Road,31.8723638728261,26.8098629415035,58.6822268143296,29.3411134071648,29.3411134071648,0.00709297395364907,0,0,0,0,0,0,0,0,0,0,0,0,0,29.3411134071648
2830,Michigan,Other Road,Other Road,6.01543965190649,5.55386267602444,11.5693023279309,5.78465116396546,5.78465116396546,0.00139839206057305,0,0,0,0,0,0,0,0,0,0,0,0,0,5.78465116396546
2831,Michigan,Other Road,Other Road,183.334599507973,169.627713019028,352.962312527001,176.4811562635,176.4811562635,0.0426628746944964,0,0,0,0,0,0,0,0,0,0,0,0,0,176.4811562635
2832,Michigan,Other Road,Other Road,0,0,0,0,0,0,0,0,0,0,0,0,0,0,0,0,0,0,0,0
2833,Michigan,Other Road,Other Road,6.76336663588882,6.97776395827532,13.7411305941641,6.87056529708207,6.87056529708207,0.00166090291199203,0,0,0,0,0,0,0,0,0,0,0,0,0,6.87056529708207
2834,Michigan,Other Road,Other Road,5.64719895273447,6.80064855515957,12.447847507894,6.22392375394702,6.22392375394702,0.00150458261292375,0,0,0,0,0,0,0,0,0,0,0,0,0,6.22392375394702
2835,Michigan,Other Road,Other Road,0.75,1.54648804664612,2.29648804664612,1.14824402332306,1.14824402332306,0.000277578592088291,0,0,0,0,0,0,0,0,0,0,0,0,0,1.14824402332306
2836,Michigan,Other Road,Other Road,60.4413437265903,70.4055277220905,130.846871448681,65.4234357243404,65.4234357243404,0.0158155799717425,0,0,0,0,0,0,0,0,0,0,0,0,0,65.4234357243404
2837,Michigan,Other Road,Other Road,6.21821510326117,6.50083635840565,12.7190514616668,6.35952573083341,6.35952573083341,0.00153736328067726,0,0,0,0,0,0,0,0,0,0,0,0,0,6.35952573083341
2838,Michigan,Other Road,Other Road,99.7694310806692,106.299100615084,206.068531695753,103.034265847877,103.034265847877,0.0249076902382949,0,0,0,0,0,0,0,0,0,0,0,0,0,103.034265847877
2839,Michigan,Other Road,Other Road,3.03922646678984,3.11233459971845,6.15156106650829,3.07578053325415,3.07578053325415,0.000743544762830478,0,0,0,0,0,0,0,0,0,0,0,0,0,3.07578053325415
2840,Michigan,Other Road,Other Road,83.0317529141903,89.4062323123217,172.437985226512,86.218992613256,86.218992613256,0.020842735598655,0,0,0,0,0,0,0,0,0,0,0,0,0,86.218992613256
2841,Michigan,Other Road,Other Road,0.221495278179646,0.194444511085749,0.415939789265394,0.207969894632697,0.207969894632697,5.02750194003426e-05,0,0,0,0,0,0,0,0,0,0,0,0,0,0.207969894632697
2842,Michigan,Other Road,Other Road,1.5247443318367,1.48960971832275,3.01435405015945,1.50717702507973,1.50717702507973,0.000364347706717166,0,0,0,0,0,0,0,0,0,0,0,0,0,1.50717702507973
2843,Michigan,Other Road,Other Road,5.55699150823057,8.20969235897064,13.7666838672012,6.88334193360061,6.88334193360061,0.00166399155926944,0,0,0,0,0,0,0,0,0,0,0,0,0,6.88334193360061
2844,Michigan,Other Road,Other Road,5.7411399781704,4.82326111197472,10.5644010901451,5.28220054507256,5.28220054507256,0.00127692873696475,0,0,0,0,0,0,0,0,0,0,0,0,0,5.28220054507256
2845,Michigan,Other Road,Other Road,0,0,0,0,0,0,0,0,0,0,0,0,0,0,0,0,0,0,0,0
2846,Michigan,Other Road,Other Road,2.0178339779377,1.44693046808243,3.46476444602013,1.73238222301006,1.73238222301006,0.000418789219586143,0,0,0,0,0,0,0,0,0,0,0,0,0,1.73238222301006
2847,Michigan,Other Road,Other Road,19.5478013753891,18.9316338896751,38.4794352650642,19.2397176325321,19.2397176325321,0.00465104422417008,0,0,0,0,0,0,0,0,0,0,0,0,0,19.2397176325321
2848,Michigan,I-94 W,Major Highway,3432.07883574069,3333.99253255315,6766.07136829384,3383.03568414692,3383.03568414692,0.104462945831447,0,0,0.190375326934932,0,0,0,0,0.780857441977491,0.780857441977491,0,0,0,2950.90958858863,432.126095558287
2849,Michigan,Other Road,Other Road,0.9626060500741,0.976275518536568,1.93888156861067,0.969440784305334,0.969440784305334,0.000234354372898602,0,0,0,0,0,0,0,0,0,0,0,0,0,0.969440784305334
2850,Michigan,Other Road,Other Road,0,0,0,0,0,0,0,0,0,0,0,0,0,0,0,0,0,0,0,0
2851,Michigan,Other Road,Other Road,56.5936661884189,57.2914290726185,113.885095261037,56.9425476305187,56.9425476305187,0.0137653947071778,0,0,0,0,0,0,0,0,0,0,0,0,0,56.9425476305187
2852,Michigan,Other Road,Other Road,9.71408630907536,10.0269990731031,19.7410853821784,9.87054269108921,9.87054269108921,0.00238612288650167,0,0,0,0,0,0,0,0,0,0,0,0,0,9.87054269108921
2853,Michigan,Other Road,Other Road,0.180555507307872,0.171296250540763,0.351851757848635,0.175925878924318,0.175925878924318,4.25286409437447e-05,0,0,0,0,0,0,0,0,0,0,0,0,0,0.175925878924318
2854,Michigan,Other Road,Other Road,14.0441341325641,13.9689580276608,28.0130921602249,14.0065460801125,14.0065460801125,0.00338596784478408,0,0,0,0,0,0,0,0,0,0,0,0,0,14.0065460801125
2855,Michigan,Other Road,Other Road,0.395913173211738,0.375709944055416,0.771623117267154,0.385811558633577,0.385811558633577,9.32667857020203e-05,0,0,0,0,0,0,0,0,0,0,0,0,0,0.385811558633577
2856,Michigan,Other Road,Other Road,21.9737072251737,21.6604876574129,43.6341948825866,21.8170974412933,21.8170974412933,0.00527410469220739,0,0,0,0,0,0,0,0,0,0,0,0,0,21.8170974412933
2857,Michigan,I-96 W,Major Highway,1781.08725735545,1863.07418252714,3644.16143988259,1822.0807199413,1822.0807199413,0.122229896745148,0,0,0.222754167699104,0,0,0,0,0,0,0,0,0,1316.45906031284,505.621659628452
2858,Michigan,Other Road,Other Road,73.5567631460726,73.2444042414427,146.801167387515,73.4005836937577,73.4005836937577,0.0177439901852985,0,0,0,0,0,0,0,0,0,0,0,0,0,73.4005836937577
2859,Michigan,Other Road,Other Road,0,0,0,0,0,0,0,0,0,0,0,0,0,0,0,0,0,0,0,0
2860,Michigan,Other Road,Other Road,0,0,0,0,0,0,0,0,0,0,0,0,0,0,0,0,0,0,0,0
2861,Michigan,Other Road,Other Road,2.70089839398861,2.63491255044937,5.33581094443798,2.66790547221899,2.66790547221899,0.000644944306054392,0,0,0,0,0,0,0,0,0,0,0,0,0,2.66790547221899
2862,Michigan,Other Road,Other Road,9.97616535425186,10.0102892369032,19.9864545911551,9.99322729557753,9.99322729557753,0.00241578088523109,0,0,0,0,0,0,0,0,0,0,0,0,0,9.99322729557753
2863,Michigan,Other Road,Other Road,13.3632058948278,13.3552632406354,26.7184691354632,13.3592345677316,13.3592345677316,0.0032294855861356,0,0,0,0,0,0,0,0,0,0,0,0,0,13.3592345677316
2864,Michigan,Other Road,Other Road,16.2275670319796,15.7057398855686,31.9333069175482,15.9666534587741,15.9666534587741,0.00385980775638769,0,0,0,0,0,0,0,0,0,0,0,0,0,15.9666534587741
2865,Michigan,Other Road,Other Road,1.28698473435452,1.31042589986191,2.59741063421643,1.29870531710822,1.29870531710822,0.000313951378050457,0,0,0,0,0,0,0,0,0,0,0,0,0,1.29870531710822
2866,Michigan,US-23 N,Major Highway,1210.24850990064,1151.69658964127,2361.94509954192,1180.97254977096,1180.97254977096,0.0792226992128038,0,0,0.144377005102273,0,0,0,0,0,0,0,0,0,853.256387662578,327.716162108381
2867,Michigan,Other Road,Other Road,6.96372309001163,6.93574812589213,13.8994712159038,6.94973560795188,6.94973560795188,0.001680041686486,0,0,0,0,0,0,0,0,0,0,0,0,0,6.94973560795188
2868,Michigan,Other Road,Other Road,7.12215399113484,7.33659642050043,14.4587504116353,7.22937520581763,7.22937520581763,0.0017476422698908,0,0,0,0,0,0,0,0,0,0,0,0,0,7.22937520581763
2869,Michigan,Other Road,Other Road,53.3823384344578,54.8950380478054,108.277376482263,54.1386882411316,54.1386882411316,0.0130875846546881,0,0,0,0,0,0,0,0,0,0,0,0,0,54.1386882411316
2870,Michigan,Other Road,Other Road,0,0,0,0,0,0,0,0,0,0,0,0,0,0,0,0,0,0,0,0
2871,Michigan,Other Road,Other Road,23.4271208830178,23.2144895866513,46.6416104696691,23.3208052348346,23.3208052348346,0.00563761374060236,0,0,0,0,0,0,0,0,0,0,0,0,0,23.3208052348346
2872,Michigan,I-75 N,Major Highway,1254.08375952393,1027.26125203259,2281.34501155652,1140.67250577826,1140.67250577826,0.0765192678213497,0,0,0.139450218566647,0,0,0,0,0,0,0,0,0,824.139478919423,316.533026858838
2873,Michigan,Other Road,Other Road,42.6841757185757,43.2852529082447,85.9694286268205,42.9847143134102,42.9847143134102,0.0103912027740438,0,0,0,0,0,0,0,0,0,0,0,0,0,42.9847143134102
2874,Michigan,Other Road,Other Road,0.565557854250073,0.554142197594047,1.11970005184412,0.55985002592206,0.55985002592206,0.000135339160334838,0,0,0,0,0,0,0,0,0,0,0,0,0,0.55985002592206
2875,Michigan,Other Road,Other Road,32.1585277430713,32.2182944267988,64.3768221698701,32.1884110849351,32.1884110849351,0.00778128485673083,0,0,0,0,0,0,0,0,0,0,0,0,0,32.1884110849351
2876,Michigan,Other Road,Other Road,7.75,6.26726561784744,14.0172656178474,7.00863280892372,7.00863280892372,0.00169427960263591,0,0,0,0,0,0,0,0,0,0,0,0,0,7.00863280892372
2877,Michigan,Other Road,Other Road,2.20000001043081,2.00010428577662,4.20010429620743,2.10005214810371,2.10005214810371,0.000507670413903484,0,0,0,0,0,0,0,0,0,0,0,0,0,2.10005214810371
2878,Michigan,Other Road,Other Road,149.58854232356,151.664564274251,301.253106597811,150.626553298905,150.626553298905,0.0364127360966534,0,0,0,0,0,0,0,0,0,0,0,0,0,150.626553298905
2879,Michigan,Other Road,Other Road,0,0,0,0,0,0,0,0,0,0,0,0,0,0,0,0,0,0,0,0
2880,Michigan,Other Road,Other Road,12.4558222144842,12.2357096150517,24.691531829536,12.345765914768,12.345765914768,0.00298448783644027,0,0,0,0,0,0,0,0,0,0,0,0,0,12.345765914768
2881,Michigan,Other Road,Other Road,200.387547124177,200.596414897591,400.983962021768,200.491981010884,200.491981010884,0.0484672950031421,0,0,0,0,0,0,0,0,0,0,0,0,0,200.491981010884
2882,Michigan,Other Road,Other Road,5.14633743464947,4.72915360331535,9.87549103796482,4.93774551898241,4.93774551898241,0.00119365955442363,0,0,0,0,0,0,0,0,0,0,0,0,0,4.93774551898241
2883,Michigan,Other Road,Other Road,13.1275060623884,13.2162234336138,26.3437294960022,13.1718647480011,13.1718647480011,0.00318419046619226,0,0,0,0,0,0,0,0,0,0,0,0,0,13.1718647480011
2884,Michigan,Other Road,Other Road,1.40625,1.40625,2.8125,1.40625,1.40625,0.000339949424682818,0,0,0,0,0,0,0,0,0,0,0,0,0,1.40625
2885,Michigan,I-69 W,Major Highway,461.050910659134,464.431692391634,925.482603050768,462.741301525384,462.741301525384,0.0310418857332431,0,0,0.0565713430547731,0,0,0,0,0,0,0,0,0,334.332048139819,128.409253385565
2886,Michigan,Other Road,Other Road,28.0099909901619,25.3796157836914,53.3896067738533,26.6948033869267,26.6948033869267,0.00645325017131141,0,0,0,0,0,0,0,0,0,0,0,0,0,26.6948033869267
2887,Michigan,Other Road,Other Road,0,0,0,0,0,0,0,0,0,0,0,0,0,0,0,0,0,0,0,0
2888,Michigan,Other Road,Other Road,0,0,0,0,0,0,0,0,0,0,0,0,0,0,0,0,0,0,0,0
2889,Michigan,Other Road,Other Road,1.03182107582688,0.9894581399858,2.02127921581268,1.01063960790634,1.01063960790634,0.000244313851213817,0,0,0,0,0,0,0,0,0,0,0,0,0,1.01063960790634
2890,Michigan,Other Road,Other Road,1.42539191991091,1.40016454458237,2.82555646449327,1.41277823224664,1.41277823224664,0.000341527571382509,0,0,0,0,0,0,0,0,0,0,0,0,0,1.41277823224664
2891,Michigan,Other Road,Other Road,31.6468252874911,30.9532210510224,62.6000463385135,31.3000231692568,31.3000231692568,0.00756652435125171,0,0,0,0,0,0,0,0,0,0,0,0,0,31.3000231692568
2892,Michigan,Other Road,Other Road,0,0,0,0,0,0,0,0,0,0,0,0,0,0,0,0,0,0,0,0
2893,Michigan,Other Road,Other Road,1.22946283221245,1.20052798092365,2.4299908131361,1.21499540656805,1.21499540656805,0.000293715192501387,0,0,0,0,0,0,0,0,0,0,0,0,0,1.21499540656805
2894,Michigan,Other Road,Other Road,39.48978112638,38.9203216135502,78.4101027399302,39.2050513699651,39.2050513699651,0.00947750020115909,0,0,0,0,0,0,0,0,0,0,0,0,0,39.2050513699651
2895,Michigan,Other Road,Other Road,56.3777397815138,46.7096681296825,103.087407911196,51.5437039555982,51.5437039555982,0.0124602684485171,0,0,0,0,0,0,0,0,0,0,0,0,0,51.5437039555982
2896,Ontario,Blue Water Bridge,International Crossing,873.549066351727,813.7244526539,1687.27351900563,843.636759502813,843.636759502813,0,0,0,0,0,0,0,0,0,0,0.661146392641229,0.661146392641229,0.661146392641229,843.636759502813,0
2897,Ontario,Detroit Windsor Tunnel,International Crossing,28.0363471582532,30.7606329470873,58.7969801053405,29.3984900526702,29.3984900526702,0,0,0,0,0,0,0,0,0,0,0,0,0,0,29.3984900526702
2898,Ontario,Ambassador Bridge,International Crossing,1410.05524422787,1429.55852136016,2839.61376558803,1419.80688279402,1419.80688279402,0,0,1.69767960622484,0,0,0,0,0,0,0,1.03653321358362,1.03653321358362,1.03653321358362,1322.63827067305,97.1686121209664
2899,Ontario,Gordie Howe International Bridge,International Crossing,0,0,0,0,0,0,0,0,0,0,0,0,0,0,0,0,0,0,0,0
